ReturnID,OrderID,ReturnReason,ReturnDate,RefundStatus
1,7947,Late Delivery,2023-09-26,Pending
2,7494,Quality Issue,2025-05-03,Refunded
3,6545,Wrong Item,2023-03-14,Refunded
4,5215,Quality Issue,2023-08-12,Pending
5,16142,Size Issue,2025-06-09,Refunded
6,9511,Damaged Product,2024-07-10,Rejected
7,5579,Damaged Product,2023-06-26,Refunded
8,9029,Size Issue,2023-03-21,Refunded
9,2963,Wrong Item,2024-01-20,Pending
10,6444,Wrong Item,2023-04-10,Pending
11,4111,Late Delivery,2025-01-05,Refunded
12,11376,Changed Mind,2023-10-26,Refunded
13,19484,Changed Mind,2024-06-14,Refunded
14,2860,Changed Mind,2023-07-10,Rejected
15,18507,Quality Issue,2024-11-05,Pending
16,7762,Late Delivery,2023-12-30,Refunded
17,13165,Damaged Product,2023-12-05,Rejected
18,7622,Changed Mind,2023-08-11,Pending
19,11984,Changed Mind,2023-04-25,Refunded
20,3902,Quality Issue,2024-07-12,Rejected
21,3516,Late Delivery,2024-08-02,Pending
22,4820,Changed Mind,2025-04-27,Pending
23,1320,Quality Issue,2024-04-09,Refunded
24,19786,Damaged Product,2023-09-24,Refunded
25,6898,Quality Issue,2023-03-12,Rejected
26,14433,Late Delivery,2023-05-05,Pending
27,3750,Size Issue,2024-02-27,Rejected
28,8973,Damaged Product,2025-05-05,Pending
29,17556,Quality Issue,2023-04-30,Refunded
30,15384,Changed Mind,2024-10-30,Rejected
31,7837,Wrong Item,2023-04-15,Pending
32,2769,Late Delivery,2023-08-23,Pending
33,15763,Damaged Product,2023-04-03,Pending
34,19777,Size Issue,2023-06-10,Pending
35,11369,Changed Mind,2024-11-22,Rejected
36,10361,Changed Mind,2023-10-11,Rejected
37,2606,Wrong Item,2025-04-08,Rejected
38,18070,Late Delivery,2024-01-11,Refunded
39,18515,Size Issue,2023-08-18,Pending
40,16864,Late Delivery,2025-04-05,Pending
41,4027,Damaged Product,2024-02-06,Refunded
42,3057,Wrong Item,2025-03-07,Rejected
43,9363,Changed Mind,2023-07-07,Refunded
44,6200,Quality Issue,2025-05-01,Rejected
45,4211,Damaged Product,2023-11-27,Rejected
46,8032,Changed Mind,2024-07-08,Refunded
47,1754,Changed Mind,2024-08-26,Pending
48,9208,Changed Mind,2023-07-20,Rejected
49,14338,Wrong Item,2024-11-04,Refunded
50,10027,Quality Issue,2023-01-25,Refunded
51,7005,Late Delivery,2024-04-30,Rejected
52,3044,Wrong Item,2023-12-13,Refunded
53,7769,Quality Issue,2024-09-23,Pending
54,11887,Quality Issue,2024-09-20,Pending
55,12785,Wrong Item,2025-05-20,Rejected
56,5527,Damaged Product,2024-05-20,Pending
57,5849,Damaged Product,2024-11-24,Refunded
58,7515,Damaged Product,2023-11-16,Rejected
59,6555,Size Issue,2024-06-23,Pending
60,19524,Changed Mind,2023-09-09,Pending
61,17774,Wrong Item,2025-05-15,Rejected
62,11895,Changed Mind,2024-08-03,Rejected
63,11340,Wrong Item,2025-04-09,Rejected
64,1268,Quality Issue,2024-11-08,Rejected
65,15048,Quality Issue,2023-05-28,Refunded
66,6315,Late Delivery,2025-01-04,Refunded
67,17528,Size Issue,2025-01-22,Rejected
68,5539,Wrong Item,2023-08-11,Pending
69,13837,Late Delivery,2024-07-28,Rejected
70,12290,Quality Issue,2024-10-20,Refunded
71,6819,Quality Issue,2023-07-12,Rejected
72,12634,Wrong Item,2024-10-19,Rejected
73,2217,Size Issue,2023-11-01,Refunded
74,4750,Wrong Item,2024-01-05,Pending
75,10083,Late Delivery,2024-04-03,Refunded
76,11200,Damaged Product,2023-04-16,Refunded
77,6962,Damaged Product,2023-06-27,Refunded
78,19139,Wrong Item,2023-06-21,Rejected
79,15965,Changed Mind,2023-09-23,Refunded
80,7492,Late Delivery,2025-05-23,Rejected
81,10193,Size Issue,2023-05-26,Pending
82,18888,Damaged Product,2023-03-07,Refunded
83,7266,Wrong Item,2024-03-13,Refunded
84,9388,Size Issue,2023-11-05,Refunded
85,13012,Wrong Item,2025-01-29,Pending
86,19349,Wrong Item,2024-04-03,Refunded
87,19842,Late Delivery,2024-04-20,Rejected
88,4016,Wrong Item,2024-07-04,Rejected
89,17706,Changed Mind,2023-07-01,Rejected
90,8745,Wrong Item,2024-01-07,Refunded
91,610,Wrong Item,2024-06-11,Rejected
92,9974,Size Issue,2024-11-29,Refunded
93,6342,Quality Issue,2024-03-26,Refunded
94,14858,Changed Mind,2024-08-15,Rejected
95,13654,Size Issue,2025-01-18,Pending
96,15176,Late Delivery,2023-06-15,Pending
97,9110,Late Delivery,2024-09-20,Pending
98,16320,Wrong Item,2024-09-21,Refunded
99,5468,Wrong Item,2025-05-10,Refunded
100,15724,Damaged Product,2025-04-27,Pending
101,3170,Damaged Product,2025-01-31,Pending
102,19545,Quality Issue,2025-05-14,Rejected
103,6631,Damaged Product,2025-02-23,Rejected
104,7305,Wrong Item,2023-12-24,Refunded
105,981,Quality Issue,2025-03-10,Rejected
106,11996,Late Delivery,2024-07-24,Rejected
107,19121,Damaged Product,2024-09-25,Rejected
108,15620,Late Delivery,2024-05-20,Rejected
109,4027,Late Delivery,2023-05-03,Pending
110,10303,Damaged Product,2024-12-07,Pending
111,9650,Quality Issue,2023-07-05,Refunded
112,9358,Size Issue,2025-04-29,Refunded
113,12939,Late Delivery,2025-04-04,Rejected
114,9334,Late Delivery,2024-10-22,Pending
115,11047,Wrong Item,2024-02-18,Refunded
116,3263,Changed Mind,2023-04-02,Refunded
117,6937,Quality Issue,2024-09-05,Pending
118,8424,Late Delivery,2024-01-04,Rejected
119,5267,Changed Mind,2024-09-27,Refunded
120,2496,Changed Mind,2024-07-05,Refunded
121,14895,Wrong Item,2023-09-19,Refunded
122,5519,Damaged Product,2024-08-27,Pending
123,13801,Damaged Product,2023-08-23,Pending
124,18645,Changed Mind,2023-12-26,Rejected
125,13139,Quality Issue,2024-06-10,Refunded
126,18540,Wrong Item,2024-12-11,Pending
127,16880,Damaged Product,2024-01-17,Pending
128,11516,Damaged Product,2023-07-03,Rejected
129,3148,Wrong Item,2024-07-31,Pending
130,8181,Size Issue,2023-07-03,Refunded
131,15015,Late Delivery,2023-04-23,Rejected
132,6338,Quality Issue,2024-01-22,Refunded
133,262,Size Issue,2024-06-15,Refunded
134,8553,Wrong Item,2025-01-04,Rejected
135,9480,Quality Issue,2025-04-17,Refunded
136,11946,Wrong Item,2023-11-17,Refunded
137,10162,Changed Mind,2024-04-13,Refunded
138,3950,Damaged Product,2024-02-19,Rejected
139,6698,Damaged Product,2024-12-30,Refunded
140,19166,Damaged Product,2023-05-06,Pending
141,4831,Late Delivery,2024-10-06,Refunded
142,10107,Damaged Product,2023-10-04,Refunded
143,6528,Quality Issue,2025-03-29,Rejected
144,10054,Changed Mind,2023-04-30,Refunded
145,7777,Size Issue,2025-01-31,Pending
146,17090,Size Issue,2023-02-02,Rejected
147,19608,Changed Mind,2025-06-11,Pending
148,3316,Quality Issue,2024-12-19,Refunded
149,18197,Size Issue,2024-07-05,Rejected
150,6217,Changed Mind,2024-02-20,Rejected
151,8805,Damaged Product,2023-10-21,Pending
152,14442,Late Delivery,2025-06-02,Pending
153,3648,Changed Mind,2025-06-19,Pending
154,10098,Size Issue,2024-12-31,Rejected
155,16872,Late Delivery,2025-06-16,Pending
156,4949,Quality Issue,2024-10-18,Refunded
157,19046,Wrong Item,2024-01-05,Rejected
158,7709,Quality Issue,2023-11-19,Refunded
159,5855,Size Issue,2024-06-13,Refunded
160,9974,Late Delivery,2024-05-12,Refunded
161,450,Changed Mind,2023-05-05,Pending
162,6209,Changed Mind,2024-10-10,Rejected
163,18335,Damaged Product,2023-08-27,Rejected
164,18529,Damaged Product,2024-09-22,Refunded
165,3261,Late Delivery,2025-01-09,Refunded
166,11884,Changed Mind,2023-03-16,Pending
167,4312,Quality Issue,2023-11-14,Refunded
168,11776,Late Delivery,2024-05-14,Pending
169,17533,Size Issue,2024-12-19,Rejected
170,10277,Quality Issue,2024-01-09,Pending
171,1765,Damaged Product,2023-01-14,Rejected
172,19809,Quality Issue,2024-02-17,Refunded
173,14347,Size Issue,2024-07-03,Refunded
174,2222,Quality Issue,2023-08-02,Rejected
175,5520,Late Delivery,2024-03-01,Refunded
176,2792,Damaged Product,2023-01-24,Pending
177,15149,Quality Issue,2023-06-08,Refunded
178,12622,Wrong Item,2023-05-22,Pending
179,16577,Damaged Product,2023-04-08,Rejected
180,6012,Changed Mind,2024-04-06,Rejected
181,18227,Changed Mind,2023-05-12,Refunded
182,12467,Size Issue,2023-01-22,Rejected
183,10602,Damaged Product,2024-03-04,Pending
184,7147,Quality Issue,2024-04-29,Refunded
185,6096,Size Issue,2023-01-27,Rejected
186,13627,Quality Issue,2024-11-05,Pending
187,6612,Wrong Item,2024-11-22,Rejected
188,1152,Size Issue,2024-08-15,Pending
189,11084,Size Issue,2023-01-15,Rejected
190,9015,Quality Issue,2025-06-14,Pending
191,1229,Changed Mind,2024-02-17,Rejected
192,12207,Wrong Item,2024-09-04,Refunded
193,10112,Size Issue,2023-12-09,Pending
194,15407,Quality Issue,2023-02-20,Rejected
195,16180,Damaged Product,2025-05-15,Refunded
196,7531,Changed Mind,2024-10-18,Rejected
197,7233,Size Issue,2024-12-13,Refunded
198,10191,Changed Mind,2025-03-06,Rejected
199,10386,Damaged Product,2023-10-30,Pending
200,17647,Late Delivery,2024-12-29,Refunded
201,15923,Damaged Product,2023-04-09,Refunded
202,13853,Wrong Item,2025-04-01,Rejected
203,5689,Changed Mind,2024-11-29,Refunded
204,3425,Wrong Item,2023-04-20,Pending
205,5409,Late Delivery,2024-02-09,Rejected
206,11517,Quality Issue,2023-09-29,Pending
207,12449,Late Delivery,2024-03-24,Refunded
208,17763,Quality Issue,2024-02-28,Pending
209,18526,Damaged Product,2024-01-08,Rejected
210,6959,Quality Issue,2024-09-14,Rejected
211,1979,Late Delivery,2023-10-09,Pending
212,17179,Quality Issue,2025-06-15,Rejected
213,2233,Size Issue,2023-04-11,Rejected
214,6291,Wrong Item,2024-05-20,Rejected
215,2115,Size Issue,2025-06-17,Rejected
216,12395,Late Delivery,2023-03-08,Rejected
217,9485,Wrong Item,2025-02-02,Refunded
218,18855,Changed Mind,2023-07-31,Rejected
219,18207,Wrong Item,2023-06-01,Refunded
220,18151,Changed Mind,2024-06-11,Refunded
221,12818,Damaged Product,2024-12-01,Rejected
222,8164,Size Issue,2023-02-05,Pending
223,13923,Changed Mind,2023-11-08,Pending
224,9125,Wrong Item,2023-09-26,Refunded
225,17837,Size Issue,2023-10-19,Refunded
226,6405,Wrong Item,2024-10-27,Rejected
227,15284,Size Issue,2025-03-30,Rejected
228,13469,Changed Mind,2025-02-24,Rejected
229,2600,Quality Issue,2023-09-13,Refunded
230,15771,Wrong Item,2025-05-07,Pending
231,18272,Late Delivery,2025-01-26,Pending
232,327,Quality Issue,2025-05-06,Rejected
233,15211,Damaged Product,2023-03-13,Refunded
234,18438,Wrong Item,2023-02-25,Pending
235,2172,Damaged Product,2025-03-08,Pending
236,539,Damaged Product,2023-10-21,Pending
237,15761,Quality Issue,2023-08-14,Rejected
238,14003,Changed Mind,2025-03-23,Pending
239,16475,Wrong Item,2025-04-23,Refunded
240,15399,Wrong Item,2023-09-03,Pending
241,2528,Changed Mind,2024-09-15,Rejected
242,12467,Damaged Product,2023-09-30,Pending
243,10417,Damaged Product,2023-05-07,Refunded
244,6772,Size Issue,2024-04-08,Refunded
245,19316,Wrong Item,2024-06-01,Rejected
246,1356,Damaged Product,2024-02-09,Refunded
247,13848,Late Delivery,2023-10-12,Refunded
248,8945,Late Delivery,2024-03-19,Refunded
249,19158,Size Issue,2025-03-03,Pending
250,9884,Wrong Item,2024-08-29,Rejected
251,13154,Quality Issue,2024-02-01,Pending
252,18147,Changed Mind,2025-05-29,Pending
253,3429,Changed Mind,2024-06-17,Pending
254,589,Late Delivery,2023-08-08,Rejected
255,8480,Damaged Product,2024-03-04,Refunded
256,12907,Quality Issue,2023-05-10,Rejected
257,563,Late Delivery,2024-07-15,Rejected
258,16384,Wrong Item,2024-08-17,Pending
259,3783,Quality Issue,2023-04-22,Rejected
260,16342,Changed Mind,2024-05-25,Pending
261,16132,Changed Mind,2023-12-26,Refunded
262,16277,Late Delivery,2023-12-20,Pending
263,12027,Changed Mind,2024-07-03,Rejected
264,1426,Quality Issue,2024-04-02,Pending
265,3100,Changed Mind,2023-06-18,Pending
266,16555,Late Delivery,2025-03-31,Rejected
267,15016,Late Delivery,2023-10-18,Rejected
268,6868,Late Delivery,2025-05-04,Pending
269,711,Damaged Product,2023-09-08,Rejected
270,33,Quality Issue,2025-02-03,Refunded
271,17232,Quality Issue,2023-03-07,Refunded
272,4810,Wrong Item,2024-06-21,Rejected
273,12909,Wrong Item,2023-09-16,Rejected
274,208,Size Issue,2023-10-03,Refunded
275,12530,Late Delivery,2023-03-29,Rejected
276,18486,Size Issue,2025-01-30,Refunded
277,17894,Quality Issue,2024-12-16,Pending
278,14444,Size Issue,2024-04-22,Pending
279,5875,Changed Mind,2025-02-16,Refunded
280,1385,Wrong Item,2023-08-10,Rejected
281,7942,Size Issue,2024-10-29,Rejected
282,18868,Damaged Product,2025-03-25,Refunded
283,15644,Late Delivery,2023-05-23,Refunded
284,57,Changed Mind,2023-01-25,Pending
285,3995,Changed Mind,2024-01-22,Rejected
286,3914,Wrong Item,2025-05-04,Rejected
287,7773,Size Issue,2024-04-12,Pending
288,1731,Changed Mind,2023-02-07,Refunded
289,1254,Late Delivery,2023-12-30,Pending
290,11621,Damaged Product,2025-03-03,Refunded
291,18208,Changed Mind,2024-05-10,Rejected
292,5363,Changed Mind,2024-03-02,Refunded
293,17413,Damaged Product,2024-05-11,Rejected
294,15064,Damaged Product,2023-01-27,Pending
295,15230,Quality Issue,2024-04-05,Pending
296,11051,Quality Issue,2024-04-22,Rejected
297,311,Changed Mind,2025-03-21,Pending
298,4019,Quality Issue,2023-04-14,Pending
299,1723,Size Issue,2023-02-19,Rejected
300,5786,Damaged Product,2024-12-15,Refunded
301,7235,Quality Issue,2025-02-10,Rejected
302,10149,Quality Issue,2023-03-31,Rejected
303,12976,Late Delivery,2023-07-14,Refunded
304,937,Wrong Item,2024-12-17,Refunded
305,1940,Size Issue,2023-07-13,Rejected
306,4044,Late Delivery,2023-09-16,Pending
307,897,Wrong Item,2023-09-07,Refunded
308,14244,Size Issue,2023-09-30,Rejected
309,2037,Quality Issue,2024-08-05,Rejected
310,8587,Late Delivery,2024-02-08,Rejected
311,6956,Wrong Item,2025-04-11,Refunded
312,17979,Size Issue,2024-03-15,Pending
313,11621,Wrong Item,2025-06-17,Rejected
314,9654,Late Delivery,2024-08-26,Refunded
315,13407,Wrong Item,2024-02-04,Refunded
316,15409,Size Issue,2024-02-04,Rejected
317,19423,Wrong Item,2024-11-03,Pending
318,13848,Quality Issue,2024-12-19,Refunded
319,7524,Late Delivery,2024-08-06,Pending
320,1874,Damaged Product,2025-01-09,Refunded
321,246,Late Delivery,2024-02-26,Rejected
322,16955,Size Issue,2025-04-30,Refunded
323,2988,Late Delivery,2024-02-17,Rejected
324,12648,Changed Mind,2024-09-16,Refunded
325,19922,Late Delivery,2023-10-17,Pending
326,11495,Wrong Item,2024-10-26,Refunded
327,10558,Changed Mind,2023-04-01,Refunded
328,15247,Damaged Product,2024-10-28,Refunded
329,14641,Size Issue,2023-05-31,Refunded
330,11555,Size Issue,2024-07-14,Refunded
331,4208,Quality Issue,2024-12-08,Rejected
332,3673,Changed Mind,2025-03-19,Rejected
333,3436,Size Issue,2024-01-29,Pending
334,3354,Size Issue,2023-09-08,Rejected
335,9764,Size Issue,2024-12-12,Pending
336,4439,Late Delivery,2024-03-29,Rejected
337,16742,Late Delivery,2025-02-14,Pending
338,3532,Size Issue,2023-10-27,Refunded
339,19670,Size Issue,2023-10-25,Rejected
340,12124,Quality Issue,2023-08-29,Refunded
341,1033,Quality Issue,2025-04-10,Refunded
342,16777,Changed Mind,2023-09-11,Pending
343,18995,Changed Mind,2024-10-08,Refunded
344,16075,Late Delivery,2023-08-26,Pending
345,16922,Late Delivery,2025-06-03,Rejected
346,16587,Wrong Item,2023-04-03,Refunded
347,19718,Damaged Product,2025-05-30,Rejected
348,2032,Damaged Product,2023-02-12,Pending
349,19734,Changed Mind,2025-05-16,Rejected
350,2730,Size Issue,2025-01-03,Refunded
351,4267,Quality Issue,2023-09-01,Pending
352,9538,Changed Mind,2023-03-10,Pending
353,2753,Changed Mind,2025-03-26,Refunded
354,13565,Wrong Item,2023-01-18,Rejected
355,5687,Changed Mind,2024-03-22,Pending
356,16207,Damaged Product,2023-02-12,Refunded
357,9600,Quality Issue,2023-01-10,Pending
358,577,Wrong Item,2025-02-07,Rejected
359,12198,Late Delivery,2024-08-28,Refunded
360,11715,Wrong Item,2023-03-03,Refunded
361,14533,Damaged Product,2024-03-04,Refunded
362,15350,Quality Issue,2023-12-17,Refunded
363,18406,Quality Issue,2023-02-13,Refunded
364,10691,Quality Issue,2024-02-08,Pending
365,7263,Wrong Item,2023-10-05,Refunded
366,9381,Damaged Product,2025-04-14,Rejected
367,14168,Quality Issue,2024-07-29,Rejected
368,14198,Late Delivery,2024-04-25,Rejected
369,6307,Size Issue,2024-05-07,Pending
370,6417,Quality Issue,2024-12-15,Refunded
371,3237,Wrong Item,2024-01-10,Pending
372,2909,Late Delivery,2025-05-10,Rejected
373,9246,Damaged Product,2024-10-08,Refunded
374,8347,Changed Mind,2023-02-01,Rejected
375,18423,Wrong Item,2025-02-05,Rejected
376,16242,Wrong Item,2024-12-15,Pending
377,12915,Changed Mind,2024-11-18,Rejected
378,13628,Size Issue,2025-05-03,Refunded
379,7357,Size Issue,2024-02-09,Refunded
380,6453,Changed Mind,2024-12-03,Refunded
381,19711,Changed Mind,2023-02-16,Refunded
382,18715,Late Delivery,2023-10-20,Rejected
383,14736,Quality Issue,2023-06-11,Refunded
384,14323,Late Delivery,2023-01-22,Pending
385,11624,Changed Mind,2023-04-27,Rejected
386,9977,Changed Mind,2024-08-17,Refunded
387,6109,Quality Issue,2023-12-18,Pending
388,2259,Quality Issue,2025-02-09,Rejected
389,7372,Size Issue,2024-06-11,Pending
390,3070,Changed Mind,2024-12-10,Rejected
391,1337,Size Issue,2024-04-28,Pending
392,10276,Late Delivery,2023-04-03,Pending
393,18571,Damaged Product,2024-01-04,Refunded
394,1681,Changed Mind,2023-05-30,Pending
395,18820,Damaged Product,2024-11-12,Pending
396,12308,Wrong Item,2023-05-24,Rejected
397,13027,Late Delivery,2025-04-21,Pending
398,15671,Changed Mind,2024-04-28,Pending
399,6584,Late Delivery,2024-06-10,Refunded
400,2806,Quality Issue,2024-10-29,Refunded
401,18865,Damaged Product,2024-07-02,Refunded
402,16093,Late Delivery,2024-09-20,Pending
403,398,Damaged Product,2023-10-15,Refunded
404,13319,Quality Issue,2023-03-17,Pending
405,9919,Wrong Item,2023-06-26,Refunded
406,6361,Damaged Product,2024-12-10,Pending
407,17471,Late Delivery,2023-12-13,Rejected
408,437,Wrong Item,2023-04-22,Pending
409,10084,Wrong Item,2024-10-19,Rejected
410,857,Wrong Item,2025-01-23,Pending
411,4113,Wrong Item,2023-07-09,Pending
412,11908,Quality Issue,2024-03-17,Rejected
413,17243,Damaged Product,2025-05-30,Pending
414,76,Damaged Product,2025-06-14,Refunded
415,3586,Late Delivery,2024-08-07,Refunded
416,9567,Damaged Product,2025-05-13,Pending
417,3061,Late Delivery,2023-04-30,Pending
418,18583,Late Delivery,2023-08-29,Refunded
419,8013,Late Delivery,2023-10-12,Pending
420,4881,Late Delivery,2024-09-29,Refunded
421,16657,Late Delivery,2024-07-24,Pending
422,4505,Size Issue,2025-05-18,Refunded
423,113,Size Issue,2023-07-02,Rejected
424,1894,Late Delivery,2024-05-11,Refunded
425,6152,Late Delivery,2024-04-12,Rejected
426,1718,Late Delivery,2024-03-11,Pending
427,10998,Wrong Item,2025-01-06,Refunded
428,1539,Damaged Product,2024-02-27,Pending
429,3936,Damaged Product,2023-07-13,Pending
430,5488,Changed Mind,2024-11-04,Rejected
431,9218,Late Delivery,2025-06-19,Refunded
432,459,Wrong Item,2024-01-08,Refunded
433,2633,Damaged Product,2025-03-28,Refunded
434,123,Size Issue,2023-12-30,Rejected
435,17364,Wrong Item,2024-01-16,Rejected
436,4576,Late Delivery,2023-09-13,Pending
437,12825,Damaged Product,2024-06-02,Pending
438,2879,Damaged Product,2024-07-25,Refunded
439,16317,Late Delivery,2024-10-14,Rejected
440,6759,Quality Issue,2024-03-11,Rejected
441,18882,Late Delivery,2023-05-14,Pending
442,12829,Size Issue,2023-02-15,Refunded
443,18444,Size Issue,2023-06-07,Pending
444,16591,Damaged Product,2024-02-22,Rejected
445,16946,Quality Issue,2023-08-23,Pending
446,9030,Quality Issue,2023-10-06,Pending
447,17969,Wrong Item,2024-12-30,Pending
448,18504,Wrong Item,2024-07-24,Refunded
449,953,Size Issue,2024-09-26,Rejected
450,1786,Changed Mind,2023-05-27,Rejected
451,19973,Damaged Product,2023-05-26,Refunded
452,5423,Size Issue,2024-03-13,Rejected
453,12263,Damaged Product,2023-08-13,Pending
454,2921,Damaged Product,2024-07-13,Pending
455,11827,Damaged Product,2025-06-14,Pending
456,18033,Changed Mind,2023-12-10,Rejected
457,2309,Late Delivery,2023-08-01,Refunded
458,19309,Damaged Product,2024-10-18,Pending
459,12393,Late Delivery,2025-05-13,Pending
460,10048,Late Delivery,2023-06-04,Refunded
461,11706,Changed Mind,2023-08-28,Pending
462,12114,Late Delivery,2024-07-25,Rejected
463,10587,Quality Issue,2023-12-16,Pending
464,4224,Wrong Item,2023-02-12,Rejected
465,4055,Quality Issue,2025-01-31,Pending
466,8616,Damaged Product,2024-09-26,Rejected
467,1191,Damaged Product,2023-08-15,Pending
468,10892,Late Delivery,2023-03-06,Refunded
469,4440,Late Delivery,2025-01-20,Pending
470,19287,Wrong Item,2023-10-09,Rejected
471,13486,Damaged Product,2024-06-09,Pending
472,5741,Wrong Item,2025-04-11,Refunded
473,12996,Quality Issue,2024-09-29,Refunded
474,7284,Damaged Product,2023-12-18,Pending
475,9988,Damaged Product,2023-09-05,Pending
476,2469,Quality Issue,2023-06-09,Refunded
477,9598,Late Delivery,2023-03-26,Pending
478,7238,Quality Issue,2025-02-16,Pending
479,13869,Wrong Item,2024-05-29,Rejected
480,268,Wrong Item,2024-07-20,Refunded
481,16953,Damaged Product,2024-11-01,Refunded
482,1552,Size Issue,2023-08-27,Pending
483,14885,Quality Issue,2023-09-01,Pending
484,14910,Damaged Product,2023-07-09,Pending
485,17206,Size Issue,2023-08-19,Refunded
486,3343,Changed Mind,2025-06-16,Rejected
487,10150,Damaged Product,2024-01-12,Pending
488,9592,Quality Issue,2024-01-10,Rejected
489,19431,Late Delivery,2024-04-11,Rejected
490,16085,Size Issue,2023-11-18,Rejected
491,9070,Damaged Product,2023-02-17,Rejected
492,16076,Wrong Item,2023-07-09,Rejected
493,16224,Late Delivery,2023-06-20,Pending
494,5050,Quality Issue,2024-08-22,Rejected
495,18186,Wrong Item,2024-08-23,Rejected
496,11959,Damaged Product,2023-04-09,Refunded
497,2370,Wrong Item,2024-10-04,Refunded
498,7833,Changed Mind,2023-08-10,Pending
499,12882,Damaged Product,2024-05-02,Pending
500,17171,Late Delivery,2024-12-07,Rejected
501,18077,Wrong Item,2025-02-13,Refunded
502,18080,Size Issue,2025-06-06,Refunded
503,10087,Quality Issue,2023-11-27,Rejected
504,14352,Wrong Item,2024-03-01,Refunded
505,14170,Wrong Item,2025-01-23,Refunded
506,9581,Wrong Item,2025-02-18,Refunded
507,9968,Changed Mind,2023-08-09,Pending
508,1952,Changed Mind,2024-02-24,Refunded
509,13898,Late Delivery,2023-06-10,Rejected
510,19661,Wrong Item,2024-12-07,Pending
511,2626,Quality Issue,2024-11-11,Rejected
512,7865,Late Delivery,2023-01-10,Refunded
513,1264,Size Issue,2024-09-09,Refunded
514,16949,Quality Issue,2023-07-01,Refunded
515,17896,Size Issue,2024-09-26,Refunded
516,10158,Size Issue,2024-03-03,Pending
517,15491,Size Issue,2025-06-12,Pending
518,11409,Late Delivery,2023-09-25,Rejected
519,4978,Late Delivery,2023-02-16,Refunded
520,3665,Quality Issue,2023-07-30,Refunded
521,19155,Size Issue,2024-01-24,Refunded
522,4934,Wrong Item,2023-02-21,Refunded
523,17251,Wrong Item,2024-09-11,Pending
524,5674,Late Delivery,2024-08-05,Pending
525,9754,Damaged Product,2023-04-24,Refunded
526,4327,Size Issue,2024-12-22,Rejected
527,2783,Changed Mind,2024-12-03,Pending
528,8299,Size Issue,2023-01-02,Refunded
529,3508,Quality Issue,2025-02-14,Rejected
530,6660,Changed Mind,2023-08-24,Rejected
531,2742,Wrong Item,2024-10-04,Rejected
532,11304,Quality Issue,2023-12-24,Pending
533,5931,Changed Mind,2023-04-20,Rejected
534,17731,Size Issue,2023-03-10,Pending
535,18825,Wrong Item,2023-01-26,Rejected
536,3303,Size Issue,2024-08-24,Pending
537,16471,Quality Issue,2024-02-27,Refunded
538,19508,Changed Mind,2024-11-12,Rejected
539,9422,Late Delivery,2025-02-16,Pending
540,8696,Wrong Item,2024-10-25,Pending
541,17738,Late Delivery,2023-08-10,Pending
542,18417,Changed Mind,2024-02-20,Rejected
543,12777,Late Delivery,2024-03-05,Rejected
544,4664,Late Delivery,2023-04-25,Refunded
545,426,Wrong Item,2025-05-13,Refunded
546,15587,Late Delivery,2023-08-02,Pending
547,1341,Size Issue,2024-03-04,Pending
548,16127,Changed Mind,2025-06-05,Pending
549,2982,Changed Mind,2023-02-15,Rejected
550,854,Damaged Product,2023-01-23,Pending
551,1902,Wrong Item,2023-06-15,Rejected
552,5675,Size Issue,2024-03-16,Rejected
553,8275,Wrong Item,2025-03-02,Refunded
554,14998,Changed Mind,2024-04-18,Rejected
555,4259,Damaged Product,2023-01-21,Pending
556,13998,Quality Issue,2023-05-14,Pending
557,18030,Wrong Item,2023-08-23,Rejected
558,19210,Damaged Product,2023-03-01,Rejected
559,4433,Changed Mind,2024-02-14,Refunded
560,7359,Late Delivery,2025-01-09,Refunded
561,7022,Late Delivery,2025-03-23,Refunded
562,13994,Quality Issue,2024-12-19,Pending
563,2437,Wrong Item,2023-03-19,Pending
564,1086,Quality Issue,2025-04-14,Pending
565,1721,Late Delivery,2023-02-19,Refunded
566,10589,Quality Issue,2023-12-14,Rejected
567,16739,Size Issue,2024-07-17,Pending
568,16830,Size Issue,2023-07-14,Pending
569,17173,Size Issue,2024-07-24,Refunded
570,19239,Late Delivery,2024-05-18,Pending
571,19336,Wrong Item,2024-05-30,Rejected
572,19936,Changed Mind,2024-11-07,Rejected
573,10355,Late Delivery,2024-01-30,Rejected
574,8194,Quality Issue,2023-12-30,Rejected
575,11803,Quality Issue,2024-02-03,Pending
576,5531,Quality Issue,2023-03-09,Pending
577,11384,Size Issue,2025-04-06,Rejected
578,17046,Wrong Item,2024-12-07,Pending
579,6322,Wrong Item,2024-11-25,Refunded
580,5022,Size Issue,2025-05-27,Rejected
581,12807,Size Issue,2025-02-02,Refunded
582,2277,Wrong Item,2024-03-19,Pending
583,15519,Wrong Item,2023-08-15,Refunded
584,9289,Damaged Product,2025-05-12,Pending
585,17443,Quality Issue,2024-03-11,Pending
586,11384,Late Delivery,2023-06-24,Pending
587,15221,Size Issue,2025-05-09,Refunded
588,17653,Changed Mind,2024-06-22,Refunded
589,8624,Changed Mind,2024-10-31,Rejected
590,4868,Damaged Product,2025-03-10,Rejected
591,18579,Size Issue,2024-03-24,Refunded
592,2492,Late Delivery,2025-04-19,Rejected
593,4462,Changed Mind,2023-11-07,Refunded
594,506,Damaged Product,2023-06-25,Rejected
595,11859,Changed Mind,2024-12-08,Refunded
596,12670,Quality Issue,2023-06-30,Refunded
597,7705,Size Issue,2023-04-21,Rejected
598,635,Changed Mind,2023-11-10,Rejected
599,18765,Size Issue,2024-06-30,Rejected
600,16511,Damaged Product,2023-11-19,Refunded
601,15939,Late Delivery,2024-03-26,Refunded
602,8950,Late Delivery,2025-05-14,Pending
603,12286,Changed Mind,2024-02-06,Refunded
604,13848,Changed Mind,2023-04-15,Refunded
605,8331,Changed Mind,2024-09-13,Refunded
606,7791,Damaged Product,2023-01-28,Refunded
607,12052,Quality Issue,2025-05-08,Pending
608,4293,Changed Mind,2023-05-06,Rejected
609,14873,Damaged Product,2023-11-12,Refunded
610,10258,Size Issue,2024-11-25,Rejected
611,15955,Wrong Item,2025-03-28,Refunded
612,18073,Late Delivery,2024-10-11,Pending
613,6576,Size Issue,2024-10-10,Rejected
614,19812,Wrong Item,2023-10-03,Pending
615,2638,Late Delivery,2023-02-19,Pending
616,17921,Changed Mind,2024-04-21,Refunded
617,13399,Changed Mind,2025-02-04,Pending
618,6908,Late Delivery,2023-04-15,Rejected
619,7707,Damaged Product,2024-11-20,Pending
620,1511,Wrong Item,2025-02-17,Pending
621,1653,Quality Issue,2023-08-15,Rejected
622,7522,Damaged Product,2024-04-30,Refunded
623,16694,Damaged Product,2023-04-23,Refunded
624,6330,Size Issue,2023-01-16,Refunded
625,12157,Wrong Item,2023-04-28,Rejected
626,18045,Wrong Item,2024-09-14,Refunded
627,18229,Size Issue,2024-10-06,Rejected
628,19145,Size Issue,2025-04-05,Rejected
629,8776,Damaged Product,2025-03-25,Rejected
630,18331,Quality Issue,2023-05-24,Refunded
631,10366,Wrong Item,2023-04-06,Pending
632,5511,Damaged Product,2023-09-14,Refunded
633,12907,Quality Issue,2025-01-02,Rejected
634,17039,Wrong Item,2023-08-14,Refunded
635,18016,Wrong Item,2024-02-16,Pending
636,11771,Late Delivery,2024-07-01,Pending
637,10689,Size Issue,2023-06-06,Refunded
638,14388,Wrong Item,2025-01-29,Rejected
639,4445,Late Delivery,2023-12-13,Refunded
640,8784,Wrong Item,2024-11-12,Pending
641,3752,Quality Issue,2024-07-03,Refunded
642,6118,Damaged Product,2024-10-23,Pending
643,14765,Quality Issue,2025-02-12,Pending
644,4854,Damaged Product,2024-03-07,Rejected
645,8323,Changed Mind,2023-02-25,Refunded
646,17429,Quality Issue,2024-01-21,Pending
647,16106,Damaged Product,2023-06-03,Rejected
648,16224,Changed Mind,2025-01-23,Pending
649,9844,Damaged Product,2025-01-09,Pending
650,351,Damaged Product,2023-12-24,Rejected
651,16710,Wrong Item,2023-11-13,Rejected
652,3526,Changed Mind,2024-08-18,Refunded
653,1775,Size Issue,2023-10-14,Pending
654,7797,Damaged Product,2023-07-22,Refunded
655,3564,Wrong Item,2025-05-22,Pending
656,8915,Wrong Item,2023-04-06,Rejected
657,13137,Changed Mind,2024-08-10,Refunded
658,18206,Quality Issue,2023-07-17,Refunded
659,16014,Quality Issue,2023-12-15,Pending
660,12706,Size Issue,2024-03-23,Refunded
661,8553,Late Delivery,2023-09-07,Rejected
662,18998,Damaged Product,2023-11-28,Refunded
663,13301,Wrong Item,2024-06-28,Pending
664,12352,Wrong Item,2023-10-09,Pending
665,11564,Changed Mind,2023-03-25,Pending
666,17307,Changed Mind,2025-05-05,Refunded
667,17565,Changed Mind,2023-01-17,Refunded
668,606,Changed Mind,2024-04-25,Refunded
669,15227,Wrong Item,2023-01-26,Pending
670,16635,Size Issue,2023-03-27,Pending
671,11247,Quality Issue,2024-11-01,Rejected
672,2479,Quality Issue,2025-01-05,Pending
673,2888,Size Issue,2024-02-12,Rejected
674,6357,Size Issue,2024-10-08,Rejected
675,1226,Changed Mind,2023-08-03,Pending
676,15366,Changed Mind,2024-12-16,Rejected
677,3214,Damaged Product,2025-02-01,Pending
678,11170,Wrong Item,2024-03-08,Rejected
679,13959,Quality Issue,2024-10-16,Rejected
680,4535,Quality Issue,2024-03-17,Rejected
681,11370,Quality Issue,2023-09-09,Rejected
682,3636,Changed Mind,2024-08-24,Rejected
683,17450,Damaged Product,2025-05-27,Pending
684,17377,Size Issue,2024-08-11,Pending
685,2142,Late Delivery,2024-12-17,Pending
686,2530,Quality Issue,2024-02-02,Rejected
687,9202,Changed Mind,2024-11-05,Rejected
688,4393,Changed Mind,2023-03-05,Rejected
689,4861,Quality Issue,2023-03-07,Refunded
690,14830,Changed Mind,2024-04-29,Refunded
691,10317,Changed Mind,2023-07-23,Pending
692,19960,Quality Issue,2023-08-13,Pending
693,4097,Changed Mind,2023-05-05,Rejected
694,17529,Quality Issue,2024-11-09,Pending
695,3540,Damaged Product,2023-07-03,Rejected
696,10168,Size Issue,2024-10-10,Rejected
697,1477,Wrong Item,2025-04-07,Refunded
698,11974,Wrong Item,2025-05-12,Pending
699,13310,Damaged Product,2024-08-28,Refunded
700,16572,Quality Issue,2023-06-26,Refunded
701,6232,Late Delivery,2023-05-14,Refunded
702,5117,Quality Issue,2024-12-14,Rejected
703,1351,Late Delivery,2023-07-20,Refunded
704,4000,Damaged Product,2024-08-18,Pending
705,1851,Late Delivery,2024-03-14,Rejected
706,7218,Damaged Product,2025-06-13,Pending
707,15662,Changed Mind,2025-01-14,Refunded
708,18102,Quality Issue,2024-03-22,Rejected
709,4119,Changed Mind,2024-01-02,Rejected
710,18127,Size Issue,2025-04-21,Refunded
711,1814,Size Issue,2023-05-04,Refunded
712,6913,Late Delivery,2024-01-24,Rejected
713,16587,Changed Mind,2025-06-18,Refunded
714,15629,Changed Mind,2023-01-14,Pending
715,4945,Changed Mind,2025-03-15,Pending
716,11644,Changed Mind,2023-11-23,Rejected
717,9050,Changed Mind,2024-03-04,Pending
718,19346,Size Issue,2023-02-20,Refunded
719,7935,Late Delivery,2024-11-08,Refunded
720,3807,Changed Mind,2023-04-05,Pending
721,15333,Size Issue,2024-08-13,Rejected
722,15726,Size Issue,2023-05-20,Refunded
723,13858,Size Issue,2023-06-17,Refunded
724,11143,Late Delivery,2024-06-03,Refunded
725,178,Size Issue,2023-07-18,Refunded
726,7725,Size Issue,2024-11-18,Refunded
727,9012,Quality Issue,2024-08-16,Rejected
728,18003,Wrong Item,2024-11-08,Refunded
729,13060,Late Delivery,2024-04-24,Rejected
730,12320,Damaged Product,2025-04-28,Pending
731,2447,Damaged Product,2025-02-15,Rejected
732,7630,Quality Issue,2024-04-17,Pending
733,5256,Changed Mind,2023-11-28,Refunded
734,11119,Damaged Product,2024-01-09,Rejected
735,8578,Late Delivery,2023-01-13,Rejected
736,15383,Size Issue,2024-12-25,Pending
737,5699,Size Issue,2024-02-01,Pending
738,11082,Damaged Product,2024-08-03,Rejected
739,3617,Wrong Item,2025-03-07,Rejected
740,4576,Quality Issue,2023-06-25,Pending
741,3555,Wrong Item,2024-11-22,Refunded
742,7374,Damaged Product,2023-06-17,Refunded
743,15358,Late Delivery,2024-04-05,Rejected
744,12660,Late Delivery,2025-03-15,Pending
745,10190,Damaged Product,2023-09-19,Refunded
746,13256,Late Delivery,2023-12-12,Pending
747,8046,Size Issue,2023-04-23,Refunded
748,18114,Late Delivery,2023-01-29,Pending
749,751,Size Issue,2023-02-17,Pending
750,6850,Wrong Item,2024-12-29,Refunded
751,5472,Damaged Product,2024-03-14,Pending
752,12888,Size Issue,2025-05-02,Refunded
753,15435,Quality Issue,2024-06-04,Pending
754,14754,Late Delivery,2025-04-28,Pending
755,7471,Late Delivery,2023-02-15,Rejected
756,6851,Wrong Item,2024-10-30,Rejected
757,14681,Size Issue,2023-07-04,Pending
758,566,Size Issue,2023-05-05,Rejected
759,8154,Damaged Product,2024-04-08,Rejected
760,9849,Late Delivery,2023-08-23,Pending
761,7833,Changed Mind,2024-09-03,Refunded
762,4460,Changed Mind,2024-10-29,Pending
763,7612,Damaged Product,2024-03-29,Rejected
764,10127,Wrong Item,2023-02-08,Pending
765,16414,Changed Mind,2025-04-05,Refunded
766,1876,Size Issue,2023-07-10,Pending
767,12253,Quality Issue,2023-10-01,Refunded
768,15644,Size Issue,2025-06-06,Refunded
769,10584,Changed Mind,2023-08-07,Refunded
770,4980,Late Delivery,2023-01-28,Refunded
771,15989,Size Issue,2024-03-15,Rejected
772,7313,Size Issue,2025-05-14,Pending
773,13379,Changed Mind,2025-06-09,Refunded
774,15236,Late Delivery,2024-09-18,Pending
775,14795,Damaged Product,2025-04-16,Refunded
776,7724,Quality Issue,2025-02-07,Pending
777,6181,Late Delivery,2023-06-02,Refunded
778,12421,Damaged Product,2024-06-04,Rejected
779,7440,Size Issue,2024-08-27,Refunded
780,18703,Changed Mind,2023-04-07,Rejected
781,14426,Size Issue,2023-04-16,Pending
782,1625,Wrong Item,2023-04-30,Pending
783,14372,Late Delivery,2025-02-11,Pending
784,3307,Quality Issue,2024-02-01,Refunded
785,12087,Changed Mind,2024-02-02,Refunded
786,12932,Wrong Item,2023-03-21,Rejected
787,3799,Damaged Product,2023-02-20,Pending
788,2914,Size Issue,2024-02-22,Pending
789,15955,Damaged Product,2024-08-21,Refunded
790,10012,Wrong Item,2025-02-09,Pending
791,9146,Late Delivery,2024-08-02,Rejected
792,3830,Changed Mind,2024-05-04,Pending
793,8068,Changed Mind,2024-05-15,Pending
794,12491,Size Issue,2025-01-21,Pending
795,17612,Quality Issue,2023-12-08,Rejected
796,15923,Changed Mind,2023-05-03,Rejected
797,1269,Damaged Product,2024-01-24,Rejected
798,1043,Changed Mind,2024-06-01,Rejected
799,7649,Damaged Product,2024-12-31,Refunded
800,5737,Quality Issue,2023-11-10,Pending
801,15145,Changed Mind,2025-01-22,Rejected
802,5193,Late Delivery,2023-11-26,Pending
803,12219,Size Issue,2024-12-05,Rejected
804,6099,Changed Mind,2023-12-12,Rejected
805,15756,Damaged Product,2023-04-08,Rejected
806,4736,Size Issue,2023-09-07,Refunded
807,13888,Quality Issue,2023-02-28,Refunded
808,4369,Quality Issue,2023-04-14,Refunded
809,5172,Quality Issue,2023-06-10,Rejected
810,126,Wrong Item,2023-02-27,Refunded
811,4219,Quality Issue,2024-10-29,Pending
812,5398,Changed Mind,2023-01-14,Refunded
813,10999,Damaged Product,2023-12-13,Refunded
814,14870,Quality Issue,2024-11-03,Rejected
815,3369,Quality Issue,2025-02-28,Refunded
816,11002,Size Issue,2024-07-04,Rejected
817,13037,Quality Issue,2024-06-05,Pending
818,15582,Damaged Product,2023-05-03,Refunded
819,4975,Quality Issue,2024-09-25,Rejected
820,8072,Size Issue,2023-01-29,Refunded
821,10698,Changed Mind,2023-01-17,Refunded
822,6952,Changed Mind,2025-04-29,Pending
823,15569,Quality Issue,2024-01-29,Pending
824,18602,Quality Issue,2023-03-19,Refunded
825,1999,Late Delivery,2023-08-24,Refunded
826,4338,Late Delivery,2025-01-14,Pending
827,4593,Changed Mind,2024-11-20,Pending
828,14506,Wrong Item,2024-11-08,Pending
829,14984,Late Delivery,2025-01-16,Pending
830,11799,Damaged Product,2023-08-09,Rejected
831,15521,Wrong Item,2025-06-11,Rejected
832,13718,Wrong Item,2024-09-16,Refunded
833,19757,Quality Issue,2024-01-04,Refunded
834,2836,Late Delivery,2025-05-29,Rejected
835,9900,Wrong Item,2024-02-17,Refunded
836,5054,Damaged Product,2023-07-08,Pending
837,669,Size Issue,2024-09-05,Rejected
838,13331,Changed Mind,2023-07-12,Refunded
839,7209,Changed Mind,2023-03-28,Pending
840,9481,Quality Issue,2024-11-18,Pending
841,8201,Changed Mind,2024-09-11,Pending
842,17142,Changed Mind,2025-02-06,Rejected
843,18283,Late Delivery,2024-07-23,Rejected
844,33,Late Delivery,2025-06-10,Pending
845,11222,Quality Issue,2024-12-23,Refunded
846,10136,Quality Issue,2023-01-29,Refunded
847,8274,Late Delivery,2024-11-11,Refunded
848,8535,Late Delivery,2024-08-29,Refunded
849,11718,Changed Mind,2023-08-29,Refunded
850,5350,Size Issue,2024-03-28,Refunded
851,12685,Quality Issue,2023-06-30,Rejected
852,1539,Quality Issue,2023-09-17,Refunded
853,10794,Size Issue,2023-07-26,Pending
854,12559,Damaged Product,2024-08-12,Refunded
855,3542,Size Issue,2024-08-02,Refunded
856,18651,Wrong Item,2024-07-29,Pending
857,6739,Late Delivery,2024-03-28,Refunded
858,7918,Size Issue,2023-05-24,Refunded
859,2337,Damaged Product,2025-01-02,Rejected
860,1216,Size Issue,2024-09-25,Refunded
861,5560,Quality Issue,2023-03-07,Refunded
862,11490,Changed Mind,2023-04-23,Pending
863,11582,Quality Issue,2024-03-30,Pending
864,6619,Quality Issue,2024-08-16,Rejected
865,19633,Size Issue,2024-04-18,Refunded
866,7148,Damaged Product,2023-09-17,Refunded
867,5265,Changed Mind,2024-09-26,Rejected
868,16129,Damaged Product,2025-04-16,Pending
869,14485,Late Delivery,2024-07-24,Rejected
870,14756,Changed Mind,2024-02-21,Refunded
871,1820,Wrong Item,2024-02-16,Rejected
872,13659,Quality Issue,2025-01-23,Refunded
873,4572,Size Issue,2025-04-11,Refunded
874,831,Wrong Item,2024-09-30,Pending
875,7117,Changed Mind,2023-04-29,Pending
876,6586,Quality Issue,2023-09-12,Refunded
877,2067,Late Delivery,2023-12-22,Refunded
878,13312,Changed Mind,2023-10-11,Rejected
879,19820,Quality Issue,2024-06-17,Pending
880,2396,Size Issue,2023-08-12,Rejected
881,2401,Quality Issue,2023-12-01,Pending
882,6031,Changed Mind,2024-12-17,Rejected
883,35,Damaged Product,2025-01-07,Pending
884,12694,Damaged Product,2024-09-25,Rejected
885,11534,Late Delivery,2023-08-31,Rejected
886,13026,Wrong Item,2023-10-09,Rejected
887,12909,Damaged Product,2024-05-19,Refunded
888,12912,Wrong Item,2023-07-31,Rejected
889,2306,Wrong Item,2024-08-13,Refunded
890,13069,Damaged Product,2024-08-19,Rejected
891,4039,Damaged Product,2024-02-28,Rejected
892,8092,Late Delivery,2024-06-03,Rejected
893,1520,Size Issue,2023-07-14,Refunded
894,6827,Quality Issue,2024-02-20,Rejected
895,7884,Damaged Product,2024-06-01,Refunded
896,5962,Quality Issue,2025-02-22,Refunded
897,11175,Changed Mind,2025-03-11,Pending
898,17416,Damaged Product,2023-05-06,Rejected
899,11914,Damaged Product,2024-05-04,Refunded
900,7810,Quality Issue,2024-11-24,Pending
901,4202,Quality Issue,2023-11-07,Rejected
902,8890,Size Issue,2023-03-01,Rejected
903,4568,Changed Mind,2024-10-02,Refunded
904,8839,Changed Mind,2023-05-31,Pending
905,11900,Size Issue,2025-05-05,Rejected
906,7714,Wrong Item,2023-04-23,Pending
907,19858,Late Delivery,2025-04-05,Pending
908,18914,Late Delivery,2023-06-28,Refunded
909,19699,Size Issue,2024-05-29,Pending
910,16677,Damaged Product,2023-11-05,Rejected
911,5146,Wrong Item,2023-10-17,Refunded
912,11791,Changed Mind,2024-06-07,Refunded
913,9626,Size Issue,2023-08-07,Pending
914,10908,Late Delivery,2023-12-02,Rejected
915,16797,Wrong Item,2024-05-22,Pending
916,2008,Late Delivery,2025-05-12,Rejected
917,5596,Size Issue,2025-02-23,Pending
918,19325,Quality Issue,2023-10-06,Pending
919,16284,Changed Mind,2023-02-20,Refunded
920,3954,Late Delivery,2023-02-17,Refunded
921,18510,Quality Issue,2023-08-14,Rejected
922,12561,Quality Issue,2024-10-26,Pending
923,14733,Size Issue,2023-05-15,Refunded
924,10668,Wrong Item,2023-04-16,Pending
925,6545,Changed Mind,2024-12-19,Refunded
926,12188,Quality Issue,2024-01-28,Pending
927,18044,Damaged Product,2024-03-18,Refunded
928,18849,Wrong Item,2023-06-09,Refunded
929,3954,Damaged Product,2023-03-12,Pending
930,13905,Late Delivery,2023-10-04,Pending
931,3933,Wrong Item,2023-11-03,Rejected
932,12330,Damaged Product,2023-05-22,Pending
933,17381,Damaged Product,2024-07-17,Refunded
934,5107,Changed Mind,2025-01-16,Rejected
935,7227,Damaged Product,2023-06-25,Pending
936,15750,Changed Mind,2023-02-08,Rejected
937,13396,Changed Mind,2024-02-05,Pending
938,3300,Wrong Item,2023-10-17,Pending
939,1709,Changed Mind,2024-03-16,Pending
940,11702,Late Delivery,2024-02-25,Rejected
941,17722,Quality Issue,2025-01-03,Rejected
942,11173,Damaged Product,2024-09-20,Refunded
943,4935,Damaged Product,2025-05-15,Pending
944,329,Quality Issue,2025-04-07,Pending
945,12089,Damaged Product,2024-05-01,Rejected
946,7264,Changed Mind,2025-04-18,Rejected
947,3513,Late Delivery,2023-10-03,Rejected
948,7602,Quality Issue,2023-04-04,Pending
949,11791,Wrong Item,2023-09-27,Refunded
950,18006,Size Issue,2024-08-24,Rejected
951,3118,Damaged Product,2024-01-24,Refunded
952,180,Damaged Product,2023-02-22,Pending
953,3738,Changed Mind,2024-11-15,Rejected
954,1557,Damaged Product,2025-05-29,Refunded
955,13628,Quality Issue,2024-09-13,Refunded
956,7579,Late Delivery,2024-09-30,Pending
957,3025,Size Issue,2025-04-16,Rejected
958,5939,Quality Issue,2025-03-16,Pending
959,4285,Late Delivery,2023-10-06,Refunded
960,5607,Wrong Item,2024-09-26,Refunded
961,17895,Damaged Product,2024-03-12,Rejected
962,6497,Late Delivery,2023-07-26,Refunded
963,13528,Damaged Product,2023-11-19,Rejected
964,19892,Damaged Product,2023-08-23,Rejected
965,14909,Changed Mind,2023-10-19,Rejected
966,9971,Damaged Product,2023-05-06,Pending
967,9226,Quality Issue,2025-05-09,Refunded
968,13624,Wrong Item,2024-06-27,Rejected
969,11489,Changed Mind,2023-03-24,Rejected
970,9016,Quality Issue,2024-12-11,Rejected
971,19194,Changed Mind,2025-06-09,Refunded
972,10983,Wrong Item,2023-12-12,Pending
973,6440,Quality Issue,2025-01-19,Pending
974,7062,Late Delivery,2024-07-02,Refunded
975,5678,Size Issue,2024-11-08,Refunded
976,2733,Size Issue,2025-01-10,Refunded
977,3645,Wrong Item,2023-08-16,Refunded
978,1188,Late Delivery,2025-03-02,Pending
979,2953,Quality Issue,2024-01-16,Pending
980,3393,Quality Issue,2023-06-02,Refunded
981,6254,Damaged Product,2024-06-16,Pending
982,9860,Late Delivery,2025-03-23,Rejected
983,876,Wrong Item,2024-10-22,Refunded
984,16495,Wrong Item,2023-03-03,Pending
985,4084,Damaged Product,2024-12-03,Refunded
986,5616,Late Delivery,2023-12-11,Pending
987,5506,Wrong Item,2025-04-03,Rejected
988,18403,Changed Mind,2024-04-01,Rejected
989,15473,Late Delivery,2023-05-29,Pending
990,7982,Late Delivery,2024-11-20,Pending
991,2591,Late Delivery,2025-01-24,Rejected
992,3871,Size Issue,2024-09-25,Refunded
993,6290,Late Delivery,2023-09-27,Refunded
994,9090,Quality Issue,2024-01-25,Rejected
995,5385,Wrong Item,2025-02-09,Pending
996,2620,Damaged Product,2023-07-24,Refunded
997,17838,Damaged Product,2024-05-27,Rejected
998,19944,Quality Issue,2024-10-12,Refunded
999,15980,Wrong Item,2025-06-01,Refunded
1000,4701,Wrong Item,2025-01-15,Rejected
1001,10709,Late Delivery,2023-01-24,Refunded
1002,17751,Wrong Item,2023-06-01,Pending
1003,86,Damaged Product,2023-09-29,Pending
1004,16214,Changed Mind,2025-04-06,Refunded
1005,7938,Changed Mind,2023-12-06,Refunded
1006,13174,Late Delivery,2024-10-20,Pending
1007,18794,Changed Mind,2023-08-28,Pending
1008,3560,Damaged Product,2023-03-15,Refunded
1009,8074,Changed Mind,2024-10-14,Rejected
1010,8620,Late Delivery,2023-04-12,Pending
1011,7871,Late Delivery,2023-09-08,Refunded
1012,13710,Changed Mind,2024-06-06,Pending
1013,867,Quality Issue,2024-05-27,Rejected
1014,17826,Size Issue,2025-06-14,Rejected
1015,2367,Wrong Item,2024-08-18,Refunded
1016,9201,Damaged Product,2025-02-03,Rejected
1017,6613,Changed Mind,2024-03-08,Rejected
1018,19330,Changed Mind,2024-07-30,Rejected
1019,2292,Changed Mind,2023-10-28,Rejected
1020,8854,Damaged Product,2023-02-03,Pending
1021,15443,Quality Issue,2023-05-22,Rejected
1022,16454,Late Delivery,2025-02-17,Pending
1023,729,Size Issue,2025-03-20,Refunded
1024,16196,Size Issue,2023-02-17,Pending
1025,2082,Damaged Product,2024-08-28,Pending
1026,16584,Damaged Product,2024-03-15,Rejected
1027,2846,Late Delivery,2023-06-19,Rejected
1028,14651,Changed Mind,2023-03-19,Refunded
1029,2417,Changed Mind,2023-12-28,Rejected
1030,16492,Changed Mind,2024-10-13,Rejected
1031,5039,Wrong Item,2023-02-24,Rejected
1032,18998,Changed Mind,2024-03-22,Refunded
1033,909,Wrong Item,2024-01-02,Pending
1034,15846,Quality Issue,2024-07-27,Rejected
1035,7044,Quality Issue,2025-04-25,Refunded
1036,6266,Wrong Item,2024-06-02,Refunded
1037,1203,Late Delivery,2025-04-13,Refunded
1038,247,Wrong Item,2024-05-11,Rejected
1039,19703,Late Delivery,2023-04-17,Pending
1040,15754,Late Delivery,2024-08-23,Refunded
1041,12982,Quality Issue,2025-05-26,Pending
1042,1254,Changed Mind,2024-02-12,Refunded
1043,2767,Quality Issue,2025-01-29,Pending
1044,3620,Wrong Item,2023-01-13,Pending
1045,19590,Damaged Product,2023-03-03,Rejected
1046,15480,Late Delivery,2024-01-18,Pending
1047,1532,Changed Mind,2025-03-28,Refunded
1048,5747,Changed Mind,2023-09-21,Pending
1049,17559,Late Delivery,2023-05-24,Refunded
1050,3899,Wrong Item,2023-11-19,Pending
1051,5708,Changed Mind,2023-10-15,Rejected
1052,17987,Size Issue,2025-01-15,Rejected
1053,14536,Quality Issue,2023-05-14,Pending
1054,12210,Damaged Product,2024-03-20,Refunded
1055,8798,Size Issue,2024-07-20,Rejected
1056,9829,Late Delivery,2024-11-18,Pending
1057,5253,Quality Issue,2024-02-21,Refunded
1058,15081,Quality Issue,2023-03-18,Pending
1059,3872,Late Delivery,2025-01-08,Refunded
1060,6682,Wrong Item,2023-03-09,Rejected
1061,18722,Size Issue,2024-02-28,Rejected
1062,12794,Changed Mind,2024-10-23,Pending
1063,11351,Damaged Product,2024-07-09,Pending
1064,7406,Late Delivery,2024-11-10,Pending
1065,12835,Size Issue,2025-04-14,Pending
1066,1035,Changed Mind,2023-11-25,Rejected
1067,19602,Size Issue,2025-05-10,Rejected
1068,16676,Damaged Product,2024-11-21,Refunded
1069,9272,Changed Mind,2024-11-22,Refunded
1070,19700,Late Delivery,2023-09-15,Rejected
1071,3957,Size Issue,2024-07-09,Rejected
1072,18561,Late Delivery,2024-10-30,Pending
1073,13162,Wrong Item,2025-04-05,Refunded
1074,2167,Quality Issue,2024-02-20,Rejected
1075,7544,Changed Mind,2025-05-31,Refunded
1076,13547,Size Issue,2025-05-23,Rejected
1077,15131,Damaged Product,2024-12-25,Pending
1078,19327,Damaged Product,2024-05-09,Refunded
1079,18464,Damaged Product,2025-05-28,Pending
1080,17408,Quality Issue,2025-04-07,Pending
1081,10369,Wrong Item,2024-08-05,Refunded
1082,11047,Size Issue,2024-08-11,Refunded
1083,10802,Size Issue,2023-04-04,Rejected
1084,16331,Wrong Item,2023-07-29,Rejected
1085,6727,Quality Issue,2023-06-27,Rejected
1086,11794,Quality Issue,2024-07-09,Pending
1087,2226,Quality Issue,2024-10-03,Pending
1088,2922,Size Issue,2023-09-15,Refunded
1089,11684,Wrong Item,2024-03-08,Rejected
1090,1084,Quality Issue,2024-04-17,Refunded
1091,14825,Changed Mind,2024-04-30,Pending
1092,7684,Wrong Item,2025-04-29,Refunded
1093,5928,Size Issue,2023-03-13,Pending
1094,1261,Changed Mind,2023-06-18,Pending
1095,19682,Late Delivery,2025-01-11,Pending
1096,16689,Damaged Product,2023-06-15,Rejected
1097,17022,Wrong Item,2025-05-22,Refunded
1098,9276,Quality Issue,2025-05-19,Refunded
1099,18099,Wrong Item,2023-10-06,Rejected
1100,6055,Changed Mind,2024-09-26,Rejected
1101,18957,Damaged Product,2023-04-21,Pending
1102,7819,Quality Issue,2024-12-23,Rejected
1103,4784,Size Issue,2025-02-01,Rejected
1104,4716,Quality Issue,2024-02-05,Rejected
1105,18657,Wrong Item,2023-08-07,Refunded
1106,4182,Late Delivery,2025-03-25,Pending
1107,12576,Wrong Item,2025-06-15,Rejected
1108,11105,Late Delivery,2024-04-20,Refunded
1109,7773,Late Delivery,2023-03-26,Refunded
1110,19221,Wrong Item,2023-08-17,Rejected
1111,17521,Late Delivery,2024-08-19,Rejected
1112,14766,Size Issue,2023-08-01,Rejected
1113,19062,Size Issue,2024-04-30,Rejected
1114,2624,Size Issue,2023-05-04,Refunded
1115,12895,Quality Issue,2025-01-22,Refunded
1116,18457,Quality Issue,2024-09-20,Rejected
1117,18329,Wrong Item,2023-03-12,Pending
1118,16678,Quality Issue,2024-03-23,Rejected
1119,15282,Late Delivery,2023-10-19,Refunded
1120,43,Size Issue,2023-09-09,Refunded
1121,18949,Wrong Item,2025-01-22,Rejected
1122,6500,Damaged Product,2023-12-05,Pending
1123,5755,Damaged Product,2023-02-06,Pending
1124,17268,Size Issue,2023-09-26,Rejected
1125,9081,Quality Issue,2023-11-08,Refunded
1126,2787,Size Issue,2023-07-26,Rejected
1127,16982,Wrong Item,2025-02-02,Rejected
1128,11853,Changed Mind,2024-12-23,Pending
1129,14121,Size Issue,2023-02-25,Rejected
1130,3169,Late Delivery,2023-06-22,Rejected
1131,1829,Late Delivery,2023-08-22,Pending
1132,9514,Damaged Product,2025-04-03,Pending
1133,19643,Size Issue,2024-06-04,Refunded
1134,1983,Damaged Product,2024-04-16,Rejected
1135,7085,Wrong Item,2024-06-28,Pending
1136,1464,Changed Mind,2023-04-26,Refunded
1137,2565,Quality Issue,2023-04-22,Rejected
1138,1077,Damaged Product,2025-03-26,Pending
1139,13585,Size Issue,2024-12-01,Pending
1140,18288,Wrong Item,2024-11-01,Rejected
1141,12778,Changed Mind,2024-08-22,Pending
1142,7709,Late Delivery,2023-03-19,Refunded
1143,11314,Quality Issue,2025-01-10,Rejected
1144,2763,Changed Mind,2023-05-29,Pending
1145,17849,Quality Issue,2024-05-18,Pending
1146,6832,Damaged Product,2024-08-11,Pending
1147,2106,Changed Mind,2025-02-10,Pending
1148,13649,Damaged Product,2023-04-11,Pending
1149,13452,Quality Issue,2024-10-16,Refunded
1150,18969,Quality Issue,2023-08-21,Pending
1151,15707,Wrong Item,2023-08-18,Pending
1152,1144,Quality Issue,2024-10-13,Rejected
1153,18946,Changed Mind,2023-02-05,Rejected
1154,17807,Size Issue,2024-04-18,Pending
1155,5781,Quality Issue,2023-08-18,Rejected
1156,1688,Size Issue,2023-09-03,Refunded
1157,11569,Damaged Product,2024-11-01,Rejected
1158,7922,Changed Mind,2023-08-24,Pending
1159,4683,Damaged Product,2023-03-11,Refunded
1160,17119,Wrong Item,2024-03-12,Pending
1161,6623,Late Delivery,2023-08-22,Rejected
1162,12435,Wrong Item,2024-09-14,Rejected
1163,9871,Wrong Item,2023-11-27,Pending
1164,13027,Size Issue,2024-04-21,Rejected
1165,9771,Changed Mind,2023-04-27,Refunded
1166,19096,Damaged Product,2025-05-07,Pending
1167,1458,Damaged Product,2024-04-17,Refunded
1168,13072,Damaged Product,2025-03-02,Refunded
1169,14246,Damaged Product,2023-03-05,Pending
1170,14943,Damaged Product,2023-05-08,Refunded
1171,19940,Damaged Product,2024-03-20,Refunded
1172,19352,Size Issue,2023-03-26,Rejected
1173,3811,Damaged Product,2024-05-23,Rejected
1174,15807,Late Delivery,2024-12-31,Rejected
1175,6361,Changed Mind,2023-04-28,Pending
1176,9612,Size Issue,2024-05-07,Pending
1177,15803,Damaged Product,2023-10-15,Rejected
1178,6346,Quality Issue,2024-12-04,Rejected
1179,13320,Wrong Item,2023-06-16,Rejected
1180,6326,Changed Mind,2025-03-15,Refunded
1181,8392,Size Issue,2024-07-26,Refunded
1182,10743,Changed Mind,2023-09-12,Rejected
1183,16339,Changed Mind,2024-04-13,Refunded
1184,5417,Late Delivery,2025-05-11,Pending
1185,6444,Late Delivery,2024-03-30,Refunded
1186,10811,Quality Issue,2024-10-26,Pending
1187,5686,Late Delivery,2024-02-08,Pending
1188,3061,Damaged Product,2023-04-02,Pending
1189,2066,Quality Issue,2025-03-27,Pending
1190,4690,Quality Issue,2023-08-31,Pending
1191,474,Size Issue,2025-02-05,Rejected
1192,4470,Late Delivery,2025-04-12,Refunded
1193,236,Damaged Product,2023-04-03,Refunded
1194,8614,Changed Mind,2023-08-05,Refunded
1195,9221,Damaged Product,2024-01-22,Refunded
1196,3412,Changed Mind,2024-06-18,Rejected
1197,13199,Wrong Item,2024-08-06,Refunded
1198,661,Damaged Product,2023-11-17,Refunded
1199,3826,Changed Mind,2023-05-30,Rejected
1200,9215,Wrong Item,2023-01-03,Rejected
1201,15724,Late Delivery,2024-04-23,Refunded
1202,1079,Late Delivery,2023-02-05,Pending
1203,10579,Damaged Product,2023-12-21,Refunded
1204,8906,Size Issue,2024-02-20,Refunded
1205,14181,Size Issue,2023-09-04,Refunded
1206,10861,Wrong Item,2023-04-04,Pending
1207,19857,Changed Mind,2023-11-18,Rejected
1208,997,Changed Mind,2025-02-21,Refunded
1209,14137,Size Issue,2023-12-17,Pending
1210,9625,Wrong Item,2024-11-03,Pending
1211,19186,Changed Mind,2024-10-14,Refunded
1212,12217,Changed Mind,2024-03-25,Rejected
1213,15239,Changed Mind,2025-03-31,Refunded
1214,18757,Wrong Item,2023-05-11,Refunded
1215,11717,Changed Mind,2023-06-02,Pending
1216,9088,Quality Issue,2025-01-13,Rejected
1217,12477,Wrong Item,2023-01-24,Refunded
1218,11515,Wrong Item,2024-04-27,Refunded
1219,8684,Late Delivery,2024-07-27,Refunded
1220,16055,Wrong Item,2023-12-30,Refunded
1221,17704,Size Issue,2024-04-30,Refunded
1222,2964,Quality Issue,2023-06-07,Pending
1223,2406,Damaged Product,2024-09-22,Pending
1224,5703,Size Issue,2025-05-25,Refunded
1225,14127,Size Issue,2023-11-01,Refunded
1226,6654,Damaged Product,2023-10-26,Refunded
1227,5177,Damaged Product,2024-09-24,Refunded
1228,16289,Wrong Item,2024-03-14,Pending
1229,9005,Damaged Product,2023-06-27,Refunded
1230,3312,Changed Mind,2023-07-01,Rejected
1231,17581,Quality Issue,2024-08-12,Pending
1232,12782,Late Delivery,2023-01-03,Refunded
1233,16750,Changed Mind,2025-04-05,Pending
1234,6916,Damaged Product,2024-05-27,Rejected
1235,8741,Changed Mind,2023-08-25,Refunded
1236,17106,Quality Issue,2025-03-03,Rejected
1237,4400,Quality Issue,2023-07-23,Refunded
1238,4093,Late Delivery,2025-03-29,Pending
1239,8140,Damaged Product,2024-10-18,Rejected
1240,18430,Size Issue,2023-10-18,Rejected
1241,19453,Late Delivery,2025-06-02,Rejected
1242,6260,Wrong Item,2024-11-30,Rejected
1243,493,Wrong Item,2023-05-08,Rejected
1244,10116,Wrong Item,2023-12-04,Pending
1245,13104,Changed Mind,2023-11-22,Refunded
1246,19179,Late Delivery,2024-12-07,Refunded
1247,1334,Damaged Product,2024-06-05,Refunded
1248,4221,Size Issue,2024-11-10,Refunded
1249,15604,Damaged Product,2025-05-09,Rejected
1250,9892,Damaged Product,2024-06-15,Pending
1251,18405,Changed Mind,2023-04-11,Refunded
1252,6783,Changed Mind,2023-01-05,Pending
1253,2646,Damaged Product,2023-11-26,Rejected
1254,14806,Wrong Item,2023-06-30,Rejected
1255,5084,Wrong Item,2025-01-03,Pending
1256,8504,Damaged Product,2025-04-26,Refunded
1257,15443,Changed Mind,2024-07-26,Pending
1258,6418,Changed Mind,2024-09-03,Pending
1259,4211,Changed Mind,2025-04-27,Rejected
1260,19086,Quality Issue,2023-02-27,Pending
1261,11099,Wrong Item,2024-10-03,Pending
1262,1068,Quality Issue,2025-04-10,Refunded
1263,6825,Size Issue,2023-03-19,Pending
1264,15062,Late Delivery,2024-12-29,Pending
1265,5258,Size Issue,2024-07-05,Rejected
1266,5411,Changed Mind,2024-04-15,Pending
1267,166,Wrong Item,2024-09-29,Refunded
1268,16501,Size Issue,2023-07-06,Refunded
1269,19840,Quality Issue,2025-05-07,Refunded
1270,3289,Changed Mind,2025-03-29,Pending
1271,6394,Changed Mind,2025-04-12,Rejected
1272,8384,Changed Mind,2024-10-08,Refunded
1273,12676,Size Issue,2025-01-20,Rejected
1274,10577,Quality Issue,2024-01-23,Rejected
1275,3587,Late Delivery,2023-05-07,Pending
1276,7541,Size Issue,2023-01-27,Refunded
1277,15238,Late Delivery,2023-11-21,Rejected
1278,179,Quality Issue,2023-02-09,Pending
1279,17024,Quality Issue,2025-03-28,Rejected
1280,6491,Quality Issue,2025-05-01,Rejected
1281,8039,Changed Mind,2025-01-28,Pending
1282,13928,Changed Mind,2024-05-20,Refunded
1283,18302,Changed Mind,2024-06-14,Rejected
1284,15525,Changed Mind,2023-01-25,Pending
1285,19256,Late Delivery,2025-03-29,Refunded
1286,1583,Damaged Product,2024-02-12,Pending
1287,17246,Quality Issue,2025-06-16,Rejected
1288,12860,Wrong Item,2023-08-03,Pending
1289,6564,Size Issue,2023-10-15,Pending
1290,7201,Changed Mind,2023-10-10,Refunded
1291,10437,Changed Mind,2025-05-11,Rejected
1292,8705,Changed Mind,2024-05-30,Pending
1293,15943,Damaged Product,2023-04-28,Rejected
1294,208,Changed Mind,2023-10-07,Rejected
1295,3660,Damaged Product,2024-03-22,Pending
1296,14018,Size Issue,2023-12-20,Pending
1297,18528,Wrong Item,2025-06-02,Rejected
1298,19189,Size Issue,2023-08-25,Refunded
1299,9338,Quality Issue,2025-01-05,Pending
1300,3308,Late Delivery,2025-04-24,Pending
1301,8160,Late Delivery,2025-04-28,Pending
1302,9493,Size Issue,2025-04-03,Pending
1303,8418,Late Delivery,2023-10-21,Pending
1304,12134,Quality Issue,2023-07-25,Pending
1305,1543,Size Issue,2025-04-29,Refunded
1306,1258,Size Issue,2024-11-11,Rejected
1307,2623,Size Issue,2023-04-12,Rejected
1308,12559,Quality Issue,2025-01-20,Pending
1309,2912,Quality Issue,2024-04-24,Refunded
1310,2372,Damaged Product,2024-03-18,Pending
1311,7840,Wrong Item,2023-02-18,Pending
1312,9674,Late Delivery,2023-03-19,Refunded
1313,6380,Wrong Item,2023-05-13,Refunded
1314,10157,Late Delivery,2023-02-21,Refunded
1315,7885,Wrong Item,2023-05-28,Pending
1316,19047,Quality Issue,2025-06-15,Rejected
1317,16626,Changed Mind,2024-05-13,Pending
1318,13707,Wrong Item,2023-04-26,Pending
1319,3513,Quality Issue,2025-04-12,Pending
1320,5667,Damaged Product,2023-02-10,Refunded
1321,19768,Damaged Product,2024-04-16,Pending
1322,10339,Damaged Product,2024-04-30,Pending
1323,18331,Wrong Item,2024-03-25,Refunded
1324,3807,Size Issue,2023-06-08,Pending
1325,19150,Damaged Product,2023-04-30,Rejected
1326,3289,Quality Issue,2024-12-04,Refunded
1327,2673,Changed Mind,2025-05-01,Refunded
1328,440,Late Delivery,2025-04-02,Refunded
1329,2905,Wrong Item,2025-04-14,Rejected
1330,10099,Wrong Item,2023-12-29,Rejected
1331,14665,Wrong Item,2024-01-01,Rejected
1332,4675,Size Issue,2024-12-20,Rejected
1333,237,Wrong Item,2023-01-30,Pending
1334,4095,Quality Issue,2025-06-15,Refunded
1335,4433,Size Issue,2024-08-03,Rejected
1336,845,Damaged Product,2024-10-09,Pending
1337,3382,Late Delivery,2024-07-15,Rejected
1338,7107,Damaged Product,2025-04-19,Refunded
1339,19454,Late Delivery,2023-09-23,Rejected
1340,10519,Late Delivery,2025-03-21,Refunded
1341,15504,Changed Mind,2024-08-16,Refunded
1342,5187,Size Issue,2025-05-28,Refunded
1343,12884,Wrong Item,2023-03-29,Refunded
1344,3125,Quality Issue,2024-05-18,Pending
1345,1284,Wrong Item,2023-08-10,Rejected
1346,3892,Changed Mind,2025-03-10,Rejected
1347,5917,Size Issue,2023-04-02,Refunded
1348,18470,Quality Issue,2025-03-01,Refunded
1349,7555,Size Issue,2024-01-26,Rejected
1350,12614,Size Issue,2024-03-17,Pending
1351,17851,Quality Issue,2025-01-05,Refunded
1352,7193,Changed Mind,2024-01-15,Refunded
1353,15178,Late Delivery,2023-10-16,Pending
1354,18654,Damaged Product,2023-10-12,Rejected
1355,11066,Changed Mind,2023-06-18,Refunded
1356,8767,Size Issue,2023-06-05,Pending
1357,1039,Late Delivery,2024-11-29,Rejected
1358,13955,Quality Issue,2023-03-25,Refunded
1359,6658,Quality Issue,2024-12-27,Refunded
1360,16260,Wrong Item,2023-02-04,Pending
1361,7588,Wrong Item,2023-04-13,Rejected
1362,9087,Quality Issue,2024-11-28,Pending
1363,2258,Changed Mind,2023-09-22,Pending
1364,2125,Quality Issue,2024-05-03,Refunded
1365,4662,Wrong Item,2023-09-06,Refunded
1366,17675,Size Issue,2023-07-15,Rejected
1367,16981,Damaged Product,2024-07-11,Rejected
1368,15647,Wrong Item,2023-10-09,Pending
1369,13490,Wrong Item,2023-10-19,Rejected
1370,18223,Quality Issue,2025-01-27,Refunded
1371,7740,Late Delivery,2024-05-28,Rejected
1372,13164,Changed Mind,2023-12-09,Rejected
1373,14663,Damaged Product,2023-02-03,Rejected
1374,17054,Damaged Product,2024-03-19,Pending
1375,17815,Late Delivery,2023-09-23,Refunded
1376,3076,Changed Mind,2025-04-05,Pending
1377,15611,Damaged Product,2023-08-19,Refunded
1378,19472,Changed Mind,2023-07-25,Pending
1379,9017,Late Delivery,2023-11-14,Rejected
1380,6191,Quality Issue,2023-05-14,Refunded
1381,11154,Quality Issue,2023-02-09,Pending
1382,14909,Quality Issue,2025-04-16,Refunded
1383,1794,Damaged Product,2025-05-29,Rejected
1384,17103,Size Issue,2023-01-01,Pending
1385,7143,Damaged Product,2023-02-09,Pending
1386,5148,Quality Issue,2024-12-02,Refunded
1387,916,Changed Mind,2025-02-16,Refunded
1388,13167,Late Delivery,2023-02-09,Rejected
1389,12963,Size Issue,2023-10-02,Rejected
1390,17203,Wrong Item,2023-04-20,Pending
1391,13184,Damaged Product,2023-01-16,Pending
1392,10329,Size Issue,2024-05-28,Rejected
1393,7488,Damaged Product,2024-10-30,Refunded
1394,539,Changed Mind,2024-01-07,Rejected
1395,9507,Damaged Product,2023-02-20,Pending
1396,10363,Wrong Item,2025-03-30,Pending
1397,1168,Changed Mind,2024-10-04,Refunded
1398,5094,Size Issue,2023-04-01,Rejected
1399,11390,Wrong Item,2025-03-20,Rejected
1400,7058,Wrong Item,2024-09-26,Pending
1401,333,Size Issue,2023-03-05,Refunded
1402,10397,Late Delivery,2023-03-10,Rejected
1403,12399,Size Issue,2024-01-10,Pending
1404,4072,Damaged Product,2023-07-22,Refunded
1405,4203,Quality Issue,2025-06-12,Rejected
1406,19693,Changed Mind,2023-12-08,Refunded
1407,16350,Damaged Product,2023-10-19,Pending
1408,12124,Wrong Item,2024-10-26,Pending
1409,14637,Damaged Product,2025-04-27,Rejected
1410,18142,Damaged Product,2023-02-22,Refunded
1411,753,Changed Mind,2024-02-04,Refunded
1412,8857,Quality Issue,2025-04-06,Rejected
1413,9720,Size Issue,2023-12-30,Refunded
1414,3592,Size Issue,2024-05-27,Refunded
1415,15462,Late Delivery,2025-03-01,Rejected
1416,13698,Wrong Item,2024-12-28,Rejected
1417,7930,Size Issue,2023-12-30,Pending
1418,14804,Quality Issue,2023-03-21,Pending
1419,10283,Damaged Product,2024-12-18,Rejected
1420,16621,Late Delivery,2024-05-23,Pending
1421,12579,Wrong Item,2023-08-27,Refunded
1422,19164,Late Delivery,2023-01-01,Pending
1423,8361,Wrong Item,2023-08-24,Pending
1424,11890,Size Issue,2023-03-03,Rejected
1425,2610,Size Issue,2023-03-22,Refunded
1426,18559,Late Delivery,2023-08-23,Pending
1427,1354,Quality Issue,2024-03-27,Rejected
1428,5778,Wrong Item,2023-11-23,Rejected
1429,9530,Quality Issue,2025-04-02,Refunded
1430,6650,Wrong Item,2024-12-30,Refunded
1431,1637,Wrong Item,2024-08-22,Pending
1432,13224,Size Issue,2023-09-19,Rejected
1433,435,Damaged Product,2023-06-09,Pending
1434,8942,Late Delivery,2024-01-27,Pending
1435,7604,Quality Issue,2024-10-20,Pending
1436,7291,Changed Mind,2024-05-12,Refunded
1437,17405,Changed Mind,2024-04-14,Refunded
1438,10017,Late Delivery,2025-01-31,Pending
1439,9558,Quality Issue,2024-01-11,Rejected
1440,9475,Size Issue,2023-11-25,Rejected
1441,1175,Quality Issue,2023-04-02,Pending
1442,3973,Late Delivery,2025-06-05,Pending
1443,9473,Damaged Product,2023-12-20,Rejected
1444,17956,Size Issue,2023-11-26,Pending
1445,13566,Late Delivery,2023-01-21,Refunded
1446,9987,Quality Issue,2024-08-02,Rejected
1447,12482,Changed Mind,2025-01-09,Rejected
1448,6056,Size Issue,2025-04-14,Refunded
1449,396,Damaged Product,2023-04-25,Pending
1450,3039,Changed Mind,2024-12-30,Refunded
1451,11024,Quality Issue,2024-03-30,Refunded
1452,788,Size Issue,2024-07-09,Pending
1453,3717,Quality Issue,2024-11-02,Refunded
1454,14152,Changed Mind,2024-03-27,Refunded
1455,7550,Quality Issue,2023-11-20,Pending
1456,9464,Size Issue,2025-06-03,Rejected
1457,9496,Late Delivery,2024-05-29,Rejected
1458,539,Size Issue,2023-12-20,Rejected
1459,12958,Late Delivery,2024-08-08,Rejected
1460,4083,Changed Mind,2025-05-31,Rejected
1461,11349,Size Issue,2023-10-10,Refunded
1462,7784,Late Delivery,2024-04-25,Rejected
1463,18165,Wrong Item,2025-01-20,Refunded
1464,1710,Damaged Product,2024-09-24,Rejected
1465,9125,Quality Issue,2024-11-07,Pending
1466,17934,Damaged Product,2025-03-19,Pending
1467,134,Wrong Item,2023-06-15,Refunded
1468,10253,Late Delivery,2023-07-21,Refunded
1469,5420,Quality Issue,2023-10-19,Refunded
1470,18794,Quality Issue,2025-05-17,Refunded
1471,15297,Size Issue,2023-07-09,Rejected
1472,3845,Changed Mind,2024-05-04,Refunded
1473,11829,Damaged Product,2024-09-21,Pending
1474,153,Wrong Item,2025-03-27,Pending
1475,2392,Late Delivery,2025-06-05,Rejected
1476,1067,Quality Issue,2024-12-27,Rejected
1477,9868,Size Issue,2023-02-27,Pending
1478,4177,Quality Issue,2023-11-05,Pending
1479,14861,Size Issue,2024-08-05,Pending
1480,19346,Late Delivery,2024-04-19,Pending
1481,5189,Size Issue,2024-07-20,Refunded
1482,19145,Late Delivery,2024-05-02,Refunded
1483,18990,Size Issue,2023-03-04,Refunded
1484,13903,Size Issue,2024-09-26,Refunded
1485,14291,Late Delivery,2023-12-10,Pending
1486,3023,Size Issue,2023-07-24,Rejected
1487,7470,Wrong Item,2024-05-18,Rejected
1488,3626,Damaged Product,2025-02-02,Refunded
1489,3574,Late Delivery,2024-07-05,Rejected
1490,15226,Damaged Product,2023-08-04,Refunded
1491,5957,Changed Mind,2023-02-07,Pending
1492,7936,Changed Mind,2024-10-06,Rejected
1493,15954,Quality Issue,2025-01-27,Pending
1494,4099,Wrong Item,2024-12-01,Rejected
1495,15931,Late Delivery,2024-01-26,Refunded
1496,10383,Late Delivery,2023-08-06,Rejected
1497,4479,Wrong Item,2023-07-07,Rejected
1498,482,Late Delivery,2024-12-14,Refunded
1499,11920,Damaged Product,2023-03-02,Rejected
1500,11611,Wrong Item,2025-03-17,Pending
1501,2424,Quality Issue,2024-07-09,Refunded
1502,7685,Late Delivery,2023-08-07,Refunded
1503,12240,Changed Mind,2025-01-25,Refunded
1504,2789,Wrong Item,2024-05-10,Rejected
1505,12712,Quality Issue,2023-05-23,Rejected
1506,15277,Changed Mind,2025-06-14,Pending
1507,16838,Late Delivery,2023-03-27,Pending
1508,5152,Damaged Product,2024-05-05,Refunded
1509,19260,Wrong Item,2025-01-14,Refunded
1510,19201,Changed Mind,2023-01-18,Refunded
1511,14599,Quality Issue,2023-01-01,Pending
1512,2037,Size Issue,2025-01-29,Refunded
1513,11377,Quality Issue,2023-01-30,Pending
1514,19367,Damaged Product,2024-07-14,Pending
1515,16998,Damaged Product,2024-08-23,Refunded
1516,1027,Changed Mind,2023-09-10,Refunded
1517,8576,Changed Mind,2024-04-22,Pending
1518,18769,Size Issue,2025-02-09,Pending
1519,5750,Changed Mind,2023-02-23,Refunded
1520,18905,Quality Issue,2023-06-05,Pending
1521,10076,Wrong Item,2023-06-01,Rejected
1522,6499,Size Issue,2024-10-07,Rejected
1523,11458,Quality Issue,2024-12-15,Rejected
1524,8807,Late Delivery,2025-06-03,Rejected
1525,2584,Changed Mind,2023-09-10,Refunded
1526,5733,Damaged Product,2023-12-02,Rejected
1527,9138,Quality Issue,2023-04-14,Rejected
1528,1811,Late Delivery,2023-06-24,Rejected
1529,6433,Changed Mind,2023-09-25,Refunded
1530,17024,Size Issue,2023-03-14,Refunded
1531,63,Wrong Item,2024-02-02,Rejected
1532,15546,Wrong Item,2024-11-27,Rejected
1533,10191,Late Delivery,2025-02-15,Refunded
1534,1363,Changed Mind,2024-06-30,Refunded
1535,8838,Late Delivery,2023-04-20,Refunded
1536,16936,Late Delivery,2025-05-13,Refunded
1537,9656,Quality Issue,2024-08-20,Refunded
1538,5418,Wrong Item,2023-03-07,Pending
1539,15610,Late Delivery,2023-12-06,Refunded
1540,8321,Wrong Item,2023-07-23,Refunded
1541,19539,Size Issue,2025-01-11,Refunded
1542,14035,Changed Mind,2024-01-01,Rejected
1543,7979,Damaged Product,2025-05-15,Refunded
1544,12887,Size Issue,2024-12-14,Pending
1545,10237,Size Issue,2024-09-25,Refunded
1546,18218,Quality Issue,2023-07-08,Pending
1547,18463,Damaged Product,2023-11-06,Refunded
1548,12802,Changed Mind,2023-05-16,Refunded
1549,9481,Quality Issue,2024-01-22,Rejected
1550,17007,Late Delivery,2024-08-06,Rejected
1551,19003,Size Issue,2023-07-03,Refunded
1552,1319,Damaged Product,2023-12-30,Rejected
1553,1426,Size Issue,2023-07-08,Pending
1554,12619,Late Delivery,2023-04-14,Rejected
1555,6303,Wrong Item,2024-09-01,Refunded
1556,1710,Late Delivery,2025-02-28,Pending
1557,11700,Late Delivery,2024-04-02,Pending
1558,9934,Damaged Product,2025-01-24,Rejected
1559,2685,Late Delivery,2024-02-28,Refunded
1560,4839,Size Issue,2024-04-16,Pending
1561,14615,Size Issue,2023-05-30,Pending
1562,6185,Wrong Item,2023-08-26,Rejected
1563,2035,Quality Issue,2023-02-08,Pending
1564,6427,Late Delivery,2024-08-29,Pending
1565,8353,Damaged Product,2024-03-19,Refunded
1566,9233,Size Issue,2023-02-15,Pending
1567,11945,Wrong Item,2023-10-13,Pending
1568,10520,Changed Mind,2023-06-19,Refunded
1569,5005,Changed Mind,2024-10-06,Pending
1570,5532,Size Issue,2024-07-20,Rejected
1571,13066,Late Delivery,2025-06-13,Rejected
1572,8569,Size Issue,2023-03-09,Refunded
1573,7735,Changed Mind,2025-02-07,Pending
1574,11554,Damaged Product,2023-05-07,Refunded
1575,16354,Late Delivery,2023-03-17,Pending
1576,3538,Changed Mind,2023-08-13,Rejected
1577,19515,Size Issue,2023-04-01,Refunded
1578,10931,Quality Issue,2025-05-15,Rejected
1579,8778,Late Delivery,2024-08-04,Pending
1580,15225,Changed Mind,2023-11-11,Rejected
1581,11801,Wrong Item,2024-04-22,Rejected
1582,2333,Damaged Product,2024-03-28,Pending
1583,15409,Quality Issue,2025-04-17,Pending
1584,7104,Quality Issue,2023-05-01,Refunded
1585,4144,Wrong Item,2024-10-11,Refunded
1586,1469,Changed Mind,2024-11-04,Pending
1587,18250,Wrong Item,2023-12-28,Refunded
1588,15715,Changed Mind,2023-06-14,Rejected
1589,10590,Quality Issue,2024-10-31,Pending
1590,5988,Wrong Item,2024-11-15,Pending
1591,9075,Changed Mind,2023-05-23,Rejected
1592,8327,Damaged Product,2025-02-19,Refunded
1593,8228,Size Issue,2024-11-27,Rejected
1594,389,Damaged Product,2024-04-20,Pending
1595,17831,Wrong Item,2023-01-13,Pending
1596,18393,Late Delivery,2025-01-10,Rejected
1597,173,Late Delivery,2025-05-04,Rejected
1598,17150,Quality Issue,2023-10-15,Refunded
1599,4991,Changed Mind,2023-04-11,Refunded
1600,12336,Wrong Item,2024-09-15,Refunded
1601,7310,Size Issue,2023-09-20,Rejected
1602,2769,Wrong Item,2024-10-12,Rejected
1603,13574,Quality Issue,2023-10-16,Refunded
1604,14138,Late Delivery,2023-08-18,Rejected
1605,9035,Late Delivery,2024-02-19,Refunded
1606,17803,Size Issue,2023-09-24,Rejected
1607,1492,Quality Issue,2023-04-13,Refunded
1608,19201,Late Delivery,2025-01-29,Refunded
1609,6917,Wrong Item,2024-12-12,Rejected
1610,6576,Changed Mind,2023-05-05,Rejected
1611,10735,Size Issue,2024-02-29,Rejected
1612,3679,Quality Issue,2023-11-19,Rejected
1613,12410,Wrong Item,2023-08-19,Rejected
1614,5293,Late Delivery,2023-09-30,Pending
1615,14544,Size Issue,2024-12-05,Pending
1616,2194,Wrong Item,2024-02-19,Pending
1617,3675,Late Delivery,2024-10-04,Refunded
1618,6957,Size Issue,2023-04-04,Rejected
1619,4026,Changed Mind,2024-02-24,Rejected
1620,1504,Damaged Product,2023-01-21,Refunded
1621,17889,Size Issue,2023-05-23,Rejected
1622,13553,Quality Issue,2024-09-09,Rejected
1623,12776,Damaged Product,2023-02-19,Refunded
1624,5256,Wrong Item,2025-05-04,Refunded
1625,2907,Size Issue,2024-11-05,Pending
1626,225,Quality Issue,2023-01-27,Refunded
1627,19544,Damaged Product,2024-10-27,Pending
1628,12555,Size Issue,2024-12-05,Refunded
1629,11097,Quality Issue,2024-10-28,Refunded
1630,19912,Late Delivery,2023-06-06,Rejected
1631,9408,Quality Issue,2024-01-13,Pending
1632,10869,Wrong Item,2023-09-11,Refunded
1633,5037,Quality Issue,2023-10-22,Refunded
1634,12960,Wrong Item,2024-12-27,Refunded
1635,15173,Wrong Item,2023-09-02,Pending
1636,9078,Late Delivery,2024-02-12,Refunded
1637,14093,Changed Mind,2025-03-19,Pending
1638,18006,Size Issue,2024-03-11,Rejected
1639,115,Damaged Product,2025-01-20,Pending
1640,15094,Changed Mind,2024-07-03,Pending
1641,9466,Changed Mind,2025-03-31,Rejected
1642,12256,Damaged Product,2023-04-15,Rejected
1643,11327,Wrong Item,2023-01-28,Rejected
1644,19283,Wrong Item,2024-12-07,Rejected
1645,15458,Changed Mind,2025-05-17,Refunded
1646,3562,Wrong Item,2024-06-07,Refunded
1647,8065,Changed Mind,2023-07-26,Rejected
1648,8754,Quality Issue,2025-02-18,Rejected
1649,10108,Quality Issue,2023-01-03,Pending
1650,10478,Damaged Product,2024-03-26,Pending
1651,15015,Changed Mind,2024-05-22,Rejected
1652,19482,Changed Mind,2025-05-21,Refunded
1653,11512,Damaged Product,2023-02-13,Refunded
1654,4966,Damaged Product,2024-03-24,Pending
1655,2191,Wrong Item,2024-05-14,Rejected
1656,9983,Wrong Item,2025-01-11,Pending
1657,16035,Damaged Product,2024-09-07,Pending
1658,15924,Quality Issue,2023-08-06,Pending
1659,5034,Quality Issue,2023-05-11,Rejected
1660,16885,Quality Issue,2024-03-30,Rejected
1661,13469,Changed Mind,2024-10-17,Pending
1662,5917,Quality Issue,2024-10-08,Pending
1663,13764,Size Issue,2024-02-24,Rejected
1664,16331,Quality Issue,2023-02-08,Rejected
1665,4388,Wrong Item,2025-03-24,Rejected
1666,12285,Wrong Item,2024-12-26,Pending
1667,13772,Quality Issue,2023-07-06,Refunded
1668,11112,Late Delivery,2024-02-12,Pending
1669,6329,Late Delivery,2024-03-13,Refunded
1670,2959,Quality Issue,2024-11-12,Pending
1671,9774,Changed Mind,2024-09-14,Pending
1672,6223,Late Delivery,2023-10-28,Pending
1673,19206,Quality Issue,2024-03-05,Refunded
1674,9381,Late Delivery,2025-02-18,Pending
1675,18003,Wrong Item,2025-02-07,Pending
1676,4551,Changed Mind,2023-02-23,Pending
1677,8302,Damaged Product,2023-10-07,Refunded
1678,11611,Size Issue,2023-01-07,Pending
1679,10467,Late Delivery,2023-02-02,Refunded
1680,15126,Late Delivery,2023-11-27,Refunded
1681,2485,Size Issue,2025-05-18,Refunded
1682,19853,Damaged Product,2024-06-30,Pending
1683,13819,Late Delivery,2024-01-20,Pending
1684,6344,Changed Mind,2023-12-20,Pending
1685,5824,Size Issue,2023-01-05,Pending
1686,15386,Wrong Item,2024-01-30,Pending
1687,2910,Late Delivery,2024-03-30,Rejected
1688,5720,Damaged Product,2024-10-25,Rejected
1689,5339,Damaged Product,2023-12-25,Pending
1690,13469,Late Delivery,2023-10-31,Rejected
1691,8709,Damaged Product,2025-01-23,Refunded
1692,9745,Changed Mind,2024-02-05,Pending
1693,4921,Size Issue,2024-10-20,Rejected
1694,11155,Damaged Product,2024-08-29,Rejected
1695,3658,Late Delivery,2025-06-13,Refunded
1696,3228,Late Delivery,2023-10-15,Pending
1697,17821,Late Delivery,2024-11-06,Refunded
1698,10925,Changed Mind,2024-05-07,Rejected
1699,13916,Wrong Item,2024-03-13,Refunded
1700,9360,Quality Issue,2023-08-22,Rejected
1701,8443,Late Delivery,2024-10-20,Rejected
1702,11570,Late Delivery,2024-09-25,Refunded
1703,3219,Size Issue,2023-10-08,Rejected
1704,19445,Wrong Item,2023-03-06,Pending
1705,18809,Quality Issue,2023-02-25,Rejected
1706,9971,Quality Issue,2025-06-19,Refunded
1707,6845,Wrong Item,2023-10-10,Rejected
1708,19299,Size Issue,2025-05-31,Refunded
1709,16391,Size Issue,2024-10-18,Rejected
1710,7338,Quality Issue,2024-05-05,Refunded
1711,15691,Quality Issue,2024-03-16,Pending
1712,11834,Wrong Item,2023-11-25,Refunded
1713,219,Quality Issue,2023-03-24,Refunded
1714,14223,Quality Issue,2023-10-24,Refunded
1715,4685,Wrong Item,2024-04-14,Pending
1716,16605,Changed Mind,2024-01-26,Rejected
1717,11943,Changed Mind,2025-06-16,Rejected
1718,4789,Damaged Product,2024-07-06,Pending
1719,2144,Quality Issue,2024-07-08,Rejected
1720,5357,Wrong Item,2023-10-07,Rejected
1721,12640,Damaged Product,2025-01-22,Rejected
1722,15205,Size Issue,2024-06-15,Pending
1723,7974,Damaged Product,2023-09-18,Refunded
1724,117,Quality Issue,2025-06-06,Pending
1725,3666,Late Delivery,2023-03-09,Refunded
1726,16536,Damaged Product,2024-07-24,Refunded
1727,8388,Changed Mind,2024-06-01,Rejected
1728,477,Damaged Product,2024-11-29,Pending
1729,6367,Quality Issue,2023-07-26,Refunded
1730,9738,Wrong Item,2023-08-27,Refunded
1731,1454,Damaged Product,2023-02-16,Refunded
1732,19651,Late Delivery,2024-10-08,Pending
1733,2297,Quality Issue,2024-06-19,Pending
1734,18870,Changed Mind,2024-09-17,Rejected
1735,15228,Damaged Product,2023-01-25,Refunded
1736,1139,Late Delivery,2023-04-08,Rejected
1737,16539,Late Delivery,2023-12-01,Rejected
1738,2408,Changed Mind,2024-02-05,Refunded
1739,19966,Quality Issue,2023-04-11,Rejected
1740,15073,Wrong Item,2025-03-18,Pending
1741,6929,Size Issue,2024-10-29,Refunded
1742,15846,Late Delivery,2023-09-18,Refunded
1743,2930,Late Delivery,2025-04-07,Rejected
1744,9487,Quality Issue,2024-06-14,Rejected
1745,12622,Quality Issue,2024-02-13,Rejected
1746,6140,Damaged Product,2025-01-22,Refunded
1747,3565,Quality Issue,2025-03-28,Rejected
1748,7485,Late Delivery,2023-07-23,Rejected
1749,10117,Changed Mind,2023-08-22,Pending
1750,11184,Late Delivery,2023-12-17,Rejected
1751,15274,Wrong Item,2024-05-08,Rejected
1752,18577,Size Issue,2024-12-26,Refunded
1753,12072,Changed Mind,2023-05-19,Refunded
1754,8594,Wrong Item,2024-01-07,Rejected
1755,6232,Changed Mind,2024-09-21,Pending
1756,19397,Late Delivery,2024-08-31,Rejected
1757,10491,Size Issue,2024-01-19,Pending
1758,4237,Late Delivery,2025-01-22,Rejected
1759,252,Quality Issue,2023-10-31,Refunded
1760,6732,Late Delivery,2024-08-08,Rejected
1761,16923,Changed Mind,2023-10-27,Refunded
1762,7011,Late Delivery,2023-07-18,Rejected
1763,3853,Damaged Product,2023-08-21,Refunded
1764,13121,Size Issue,2025-02-14,Pending
1765,6144,Wrong Item,2023-10-23,Pending
1766,865,Changed Mind,2024-08-09,Rejected
1767,18047,Quality Issue,2024-09-02,Rejected
1768,16183,Changed Mind,2024-07-13,Refunded
1769,19878,Wrong Item,2024-12-26,Refunded
1770,7102,Wrong Item,2023-08-22,Refunded
1771,16541,Damaged Product,2024-06-06,Refunded
1772,1190,Late Delivery,2025-02-27,Pending
1773,982,Quality Issue,2025-03-28,Pending
1774,9243,Quality Issue,2024-01-22,Rejected
1775,14130,Damaged Product,2023-05-22,Pending
1776,2235,Changed Mind,2023-10-18,Rejected
1777,13541,Wrong Item,2025-01-28,Refunded
1778,219,Damaged Product,2023-12-07,Pending
1779,14291,Late Delivery,2024-06-20,Rejected
1780,14278,Late Delivery,2023-03-30,Rejected
1781,10351,Late Delivery,2023-11-17,Pending
1782,16635,Changed Mind,2023-01-18,Pending
1783,1394,Quality Issue,2023-02-25,Refunded
1784,11815,Wrong Item,2023-11-01,Refunded
1785,15567,Changed Mind,2024-04-19,Refunded
1786,18463,Changed Mind,2023-12-30,Refunded
1787,5624,Quality Issue,2024-01-17,Refunded
1788,864,Damaged Product,2023-01-20,Pending
1789,16704,Changed Mind,2023-06-01,Refunded
1790,3617,Wrong Item,2023-01-01,Refunded
1791,19037,Changed Mind,2025-03-12,Rejected
1792,842,Late Delivery,2025-05-03,Refunded
1793,14422,Changed Mind,2024-07-26,Pending
1794,14920,Quality Issue,2024-08-12,Pending
1795,16427,Changed Mind,2024-07-03,Rejected
1796,4901,Damaged Product,2023-03-27,Rejected
1797,5886,Changed Mind,2023-12-21,Rejected
1798,9870,Damaged Product,2025-03-08,Pending
1799,17467,Size Issue,2024-05-18,Pending
1800,18535,Wrong Item,2024-01-03,Refunded
1801,10817,Late Delivery,2023-10-29,Refunded
1802,19950,Damaged Product,2025-03-06,Pending
1803,13523,Quality Issue,2025-01-01,Rejected
1804,3467,Wrong Item,2023-02-23,Pending
1805,14715,Late Delivery,2023-02-10,Rejected
1806,5497,Size Issue,2024-01-12,Pending
1807,2553,Damaged Product,2025-05-22,Pending
1808,5028,Changed Mind,2023-08-12,Refunded
1809,17231,Wrong Item,2024-11-25,Pending
1810,10390,Changed Mind,2023-02-26,Rejected
1811,12151,Quality Issue,2023-01-13,Refunded
1812,15271,Quality Issue,2024-07-31,Pending
1813,10820,Late Delivery,2024-06-27,Rejected
1814,9522,Late Delivery,2023-04-09,Pending
1815,6356,Wrong Item,2025-05-06,Refunded
1816,18842,Wrong Item,2023-02-19,Rejected
1817,12620,Quality Issue,2023-02-08,Pending
1818,17755,Quality Issue,2024-04-12,Rejected
1819,1181,Size Issue,2024-04-02,Rejected
1820,17499,Late Delivery,2023-11-12,Rejected
1821,7017,Damaged Product,2023-11-08,Refunded
1822,13836,Changed Mind,2023-01-16,Refunded
1823,17343,Wrong Item,2023-12-17,Refunded
1824,916,Size Issue,2023-06-12,Refunded
1825,8079,Size Issue,2023-09-26,Rejected
1826,13416,Wrong Item,2023-07-08,Rejected
1827,4773,Late Delivery,2024-11-05,Pending
1828,12111,Quality Issue,2023-10-15,Rejected
1829,18452,Wrong Item,2024-02-21,Refunded
1830,14952,Changed Mind,2023-08-10,Pending
1831,1136,Damaged Product,2024-12-06,Pending
1832,2244,Size Issue,2024-11-20,Pending
1833,17755,Wrong Item,2023-12-21,Rejected
1834,5259,Quality Issue,2023-07-15,Refunded
1835,1820,Late Delivery,2024-06-20,Pending
1836,2408,Changed Mind,2024-12-10,Rejected
1837,6860,Size Issue,2023-09-02,Refunded
1838,19279,Wrong Item,2023-12-03,Refunded
1839,16132,Damaged Product,2024-12-11,Refunded
1840,16644,Wrong Item,2023-05-22,Pending
1841,8678,Size Issue,2024-02-12,Rejected
1842,1627,Size Issue,2023-08-08,Pending
1843,6191,Changed Mind,2024-02-07,Rejected
1844,17591,Late Delivery,2025-02-04,Pending
1845,11383,Changed Mind,2023-01-04,Rejected
1846,17633,Wrong Item,2024-03-27,Pending
1847,15636,Wrong Item,2023-12-01,Pending
1848,2360,Damaged Product,2023-08-03,Refunded
1849,1514,Quality Issue,2025-06-07,Pending
1850,19925,Quality Issue,2023-05-30,Rejected
1851,6164,Wrong Item,2024-09-11,Rejected
1852,4643,Changed Mind,2024-08-07,Rejected
1853,1529,Size Issue,2024-08-19,Refunded
1854,3972,Size Issue,2024-03-31,Rejected
1855,12026,Late Delivery,2024-12-30,Pending
1856,18726,Wrong Item,2024-09-30,Refunded
1857,11668,Wrong Item,2023-07-29,Pending
1858,2877,Wrong Item,2024-06-17,Refunded
1859,3912,Damaged Product,2025-03-26,Refunded
1860,5808,Late Delivery,2024-08-26,Pending
1861,1950,Quality Issue,2025-04-09,Pending
1862,16159,Late Delivery,2025-06-12,Pending
1863,17362,Changed Mind,2024-06-30,Rejected
1864,19732,Quality Issue,2024-03-18,Pending
1865,1534,Changed Mind,2024-08-14,Rejected
1866,11789,Wrong Item,2024-03-15,Rejected
1867,13750,Quality Issue,2023-08-07,Pending
1868,6440,Wrong Item,2023-01-04,Refunded
1869,16014,Quality Issue,2025-06-05,Pending
1870,2551,Late Delivery,2024-07-27,Rejected
1871,17440,Late Delivery,2024-11-14,Rejected
1872,3094,Late Delivery,2025-02-07,Refunded
1873,2579,Damaged Product,2023-04-07,Refunded
1874,11919,Changed Mind,2023-04-13,Rejected
1875,19768,Late Delivery,2024-11-26,Refunded
1876,16243,Quality Issue,2024-04-21,Pending
1877,16480,Late Delivery,2024-01-02,Pending
1878,12294,Size Issue,2023-05-29,Refunded
1879,12317,Late Delivery,2025-03-14,Pending
1880,6473,Changed Mind,2023-08-21,Rejected
1881,11390,Quality Issue,2023-09-19,Rejected
1882,16618,Wrong Item,2023-04-13,Refunded
1883,17536,Wrong Item,2024-02-01,Pending
1884,1774,Damaged Product,2024-05-06,Pending
1885,12036,Late Delivery,2024-02-01,Pending
1886,18818,Size Issue,2023-08-06,Refunded
1887,6118,Late Delivery,2024-06-30,Rejected
1888,18938,Size Issue,2024-02-10,Pending
1889,19981,Size Issue,2023-05-11,Refunded
1890,8666,Changed Mind,2025-05-03,Rejected
1891,6175,Quality Issue,2023-10-22,Pending
1892,16508,Wrong Item,2024-03-24,Pending
1893,13800,Changed Mind,2024-07-17,Pending
1894,13328,Late Delivery,2023-01-28,Pending
1895,7932,Changed Mind,2024-05-30,Rejected
1896,11192,Wrong Item,2023-04-23,Pending
1897,2529,Wrong Item,2024-03-15,Rejected
1898,996,Quality Issue,2023-12-04,Refunded
1899,14536,Size Issue,2025-03-21,Rejected
1900,17346,Quality Issue,2024-03-12,Rejected
1901,10402,Damaged Product,2024-11-25,Pending
1902,2727,Size Issue,2023-10-25,Pending
1903,13743,Damaged Product,2024-01-13,Rejected
1904,12525,Changed Mind,2023-12-25,Refunded
1905,19205,Late Delivery,2024-10-22,Pending
1906,10657,Late Delivery,2023-10-24,Refunded
1907,12978,Quality Issue,2025-03-04,Rejected
1908,2149,Quality Issue,2023-12-15,Refunded
1909,14103,Size Issue,2023-03-12,Refunded
1910,7593,Size Issue,2025-04-03,Rejected
1911,1788,Wrong Item,2023-08-09,Pending
1912,13943,Size Issue,2024-11-15,Pending
1913,8277,Size Issue,2023-12-02,Pending
1914,8885,Changed Mind,2025-02-06,Pending
1915,12193,Damaged Product,2024-10-08,Rejected
1916,9448,Damaged Product,2023-07-13,Pending
1917,17796,Size Issue,2024-01-09,Refunded
1918,13515,Quality Issue,2024-07-25,Pending
1919,688,Quality Issue,2023-06-25,Rejected
1920,12310,Quality Issue,2025-03-16,Refunded
1921,1119,Quality Issue,2024-02-06,Pending
1922,7290,Wrong Item,2024-08-18,Refunded
1923,4176,Quality Issue,2025-06-19,Rejected
1924,5920,Size Issue,2023-11-13,Pending
1925,10623,Wrong Item,2023-09-11,Refunded
1926,16122,Quality Issue,2023-03-23,Rejected
1927,4100,Size Issue,2024-12-19,Pending
1928,9074,Quality Issue,2024-07-16,Refunded
1929,14811,Late Delivery,2023-12-26,Pending
1930,9034,Late Delivery,2025-06-07,Rejected
1931,15831,Wrong Item,2023-01-20,Refunded
1932,9686,Damaged Product,2024-03-25,Rejected
1933,11269,Late Delivery,2023-08-15,Pending
1934,19916,Damaged Product,2023-03-03,Pending
1935,12548,Changed Mind,2023-03-22,Pending
1936,13512,Wrong Item,2023-10-15,Rejected
1937,16499,Late Delivery,2025-06-14,Rejected
1938,7276,Late Delivery,2023-06-15,Rejected
1939,5580,Changed Mind,2024-09-20,Rejected
1940,8530,Wrong Item,2023-07-22,Refunded
1941,3957,Size Issue,2024-02-04,Pending
1942,15968,Changed Mind,2024-01-31,Pending
1943,15265,Late Delivery,2023-11-23,Rejected
1944,15118,Wrong Item,2024-07-15,Refunded
1945,18874,Changed Mind,2024-10-19,Refunded
1946,6352,Quality Issue,2024-06-16,Rejected
1947,9504,Changed Mind,2023-07-17,Pending
1948,10495,Late Delivery,2024-07-10,Refunded
1949,18683,Changed Mind,2024-06-20,Pending
1950,3153,Damaged Product,2023-08-01,Pending
1951,7881,Size Issue,2023-08-28,Rejected
1952,12142,Quality Issue,2025-02-19,Pending
1953,3083,Quality Issue,2023-06-09,Refunded
1954,12385,Size Issue,2023-11-09,Rejected
1955,15990,Changed Mind,2024-09-15,Refunded
1956,13342,Damaged Product,2024-10-12,Rejected
1957,5500,Wrong Item,2025-06-04,Refunded
1958,11688,Changed Mind,2024-05-28,Pending
1959,1668,Damaged Product,2023-08-05,Rejected
1960,16151,Quality Issue,2024-02-16,Refunded
1961,7242,Late Delivery,2023-07-19,Pending
1962,2402,Changed Mind,2024-02-14,Refunded
1963,8381,Damaged Product,2024-05-30,Pending
1964,1962,Changed Mind,2025-01-07,Pending
1965,8959,Quality Issue,2024-01-11,Pending
1966,13426,Late Delivery,2024-03-27,Refunded
1967,14177,Wrong Item,2024-03-14,Rejected
1968,11321,Wrong Item,2023-09-03,Refunded
1969,17294,Late Delivery,2023-08-18,Refunded
1970,13874,Late Delivery,2023-11-16,Pending
1971,3106,Wrong Item,2023-09-30,Pending
1972,3682,Wrong Item,2024-11-17,Pending
1973,8972,Wrong Item,2023-04-15,Refunded
1974,18491,Changed Mind,2025-03-02,Refunded
1975,10479,Changed Mind,2024-08-02,Rejected
1976,5327,Size Issue,2024-01-02,Pending
1977,15732,Damaged Product,2024-10-27,Pending
1978,2916,Changed Mind,2023-03-20,Refunded
1979,1372,Wrong Item,2025-01-20,Refunded
1980,18132,Changed Mind,2023-09-13,Refunded
1981,1630,Late Delivery,2023-06-29,Pending
1982,18790,Wrong Item,2024-12-16,Refunded
1983,7998,Size Issue,2023-05-28,Rejected
1984,15876,Quality Issue,2024-02-02,Rejected
1985,4990,Changed Mind,2025-02-03,Refunded
1986,2562,Quality Issue,2024-08-13,Pending
1987,132,Quality Issue,2025-01-21,Rejected
1988,314,Late Delivery,2024-11-05,Pending
1989,7149,Wrong Item,2024-05-12,Rejected
1990,2963,Size Issue,2023-04-18,Rejected
1991,10357,Changed Mind,2024-10-22,Rejected
1992,7325,Late Delivery,2023-09-29,Pending
1993,402,Changed Mind,2023-09-08,Refunded
1994,3651,Size Issue,2023-01-19,Rejected
1995,10210,Size Issue,2024-02-04,Rejected
1996,12651,Size Issue,2024-02-04,Rejected
1997,2346,Changed Mind,2025-05-29,Rejected
1998,11932,Late Delivery,2024-10-06,Pending
1999,19315,Wrong Item,2024-03-19,Refunded
2000,18982,Wrong Item,2023-11-27,Rejected
